,Unnamed: 0,archive,censored_date,censored_msg,created_at,nickname,title,title_eng,update_date,url
0,0.0,gh_1a575253a9a1_2018-07-26_2653792533_RUMkcWuE70.y.tar.gz,2018-07-26,此内容因违规无法查看,2018-07-26,证券日报之声,Facebook在华设子公司,Facebook,2018-07-26,mp.weixin.qq.com/s?__biz=MjM5MTg0NDY1Mw==&mid=2653792533&idx=6&sn=33d4f74a18a3f1d8225ddf5d15d14ebf
1,1.0,gh_dd52690fa6bf_2018-07-26_2650548826_4TM9Ls7hfP.y.tar.gz,2018-07-26,该内容已被发布者删除,2018-07-26,海那边,只是送孩子出国读书，却因此保全了性命,Just,2018-07-26,mp.weixin.qq.com/s?__biz=MzA3NDAwMDA1NA==&mid=2650548826&idx=2&sn=634ff1b9d3ab8f90297f26949c211f4a
2,2.0,gh_7468e8b9bcad_2018-07-26_2247493821_et0TZ5MYVS.y.tar.gz,2018-07-26,该内容已被发布者删除,2018-07-26,浪潮工作室,你从小看到大的地图都是错的,You,2018-07-26,mp.weixin.qq.com/s?__biz=MzI0MjY0OTkxNw==&mid=2247493821&idx=3&sn=9ea167508305f989637f34ce65346345
3,3.0,wxid_4783107810411_2018-07-26_2650770674_kw06laeC5V.y.tar.gz,2018-07-26,该内容已被发布者删除,2018-07-26,南方都市报,章文回应强奸指控：“你情我愿一夜情”，还大谈爆料者情史！再有5人举报他,Zhang,2018-07-26,mp.weixin.qq.com/s?__biz=MTk1MjIwODAwMQ==&mid=2650770674&idx=1&sn=770284284e5dc74371a5aee8d5e657ac
4,4.0,gh_53c26a0136cc_2018-07-26_2650089918_jzMWFaYPmE.y.tar.gz,2018-07-26,该内容已被发布者删除,2018-07-26,最寿光,太吓人！金海路上一女子差点被强暴…,Too,2018-07-26,mp.weixin.qq.com/s?__biz=MzIyODAxNzg4Mg==&mid=2650089918&idx=1&sn=cb10ccfe69bf3bf1d66f00f4419785e7
5,5.0,gh_5c9e0938601d_2018-07-26_2654698455_4AtkzsI2cT.y.tar.gz,2018-07-26,该内容已被发布者删除,2018-07-26,观察者网,突发！美国大使馆爆燃事件，警方通报,Sudden!,2018-07-26,mp.weixin.qq.com/s?__biz=MjM5MjA4MjA4MA==&mid=2654698455&idx=1&sn=2c4622707d601a96c6abcbc8737175f0
6,6.0,gh_fee7e4bb9228_2018-07-26_2247485365_Ybq0f3uCQB.y.tar.gz,2018-07-26,该内容已被发布者删除,2018-07-26,智慧检务动态,政法网数据共享和检察工作网应用建设——第12场智慧检务沙龙即将于8月19日在大庆举办,Political,2018-07-26,mp.weixin.qq.com/s?__biz=MzIxODcxMzY5NA==&mid=2247485365&idx=1&sn=1119a2d42ae9d0c832dd90da8c4215aa
7,7.0,gh_b0c6552453ce_2018-07-26_2667121957_sg3rPjbVAl.y.tar.gz,2018-07-26,此内容因违规无法查看,2018-07-26,肖仲华开讲,支持《对外援助法》启动立法,Support,2018-07-26,mp.weixin.qq.com/s?__biz=MjM5Njc3NDQ0Mg==&mid=2667121957&idx=1&sn=0184d6acbd9184a9c711cfc08f28259a
8,8.0,gh_433a1d68bb48_2018-07-26_2653822006_lQwKcb9n0h.y.tar.gz,2018-07-26,该内容已被发布者删除,2018-07-26,大观新闻,【邀请】重磅,[Invitation],2018-07-26,mp.weixin.qq.com/s?__biz=MjM5MTgwOTY0MA==&mid=2653822006&idx=2&sn=10087bb6ac1de9f18079183272ee24e5
9,9.0,gh_3b6e882de9d2_2018-07-26_2247488885_DEX5CspYQk.y.tar.gz,2018-07-26,此内容因违规无法查看,2018-07-26,新湘江评论,胡星斗教授建议制定《对外援助法》,Professor,2018-07-26,mp.weixin.qq.com/s?__biz=MzU0NzA1MjE5NQ==&mid=2247488885&idx=4&sn=da484683d4d3904595e1454a8c9fd772
10,10.0,gh_fbf72524e6cc_2018-07-26_2652315402_5lLu6SNnAM.y.tar.gz,2018-07-26,该内容已被发布者删除,2018-07-26,中国文明网,新时代大家唱,Everyone,2018-07-26,mp.weixin.qq.com/s?__biz=MzA5ODA0NDIzOA==&mid=2652315402&idx=2&sn=1895390c5d4e54b8a12c7a7e10824972
11,11.0,gh_fbf72524e6cc_2018-07-26_2652315402_9dr7oIjchG.y.tar.gz,2018-07-26,该内容已被发布者删除,2018-07-26,中国文明网,有了好的决策、好的蓝图，,With,2018-07-26,mp.weixin.qq.com/s?__biz=MzA5ODA0NDIzOA==&mid=2652315402&idx=1&sn=d1f9adf1da88eb83db25f9dbe687251f
12,12.0,gh_b232884a62f8_2018-07-26_2675920686_R2rBMS7OND.y.tar.gz,2018-07-26,该内容已被发布者删除,2018-07-26,柳州发布,注意！明年1月1日起，柳州医保卡将逐步停用！赶紧去换社保卡啦,note!,2018-07-26,mp.weixin.qq.com/s?__biz=MzA5ODg5MzYxMA==&mid=2675920686&idx=1&sn=1fde7aa8d88c4a8a55ab5044b183b4c7
13,13.0,gh_4df9d18bb751_2018-07-26_2650191332_0Wtu7zURA3.y.tar.gz,2018-07-26,该内容已被发布者删除,2018-07-26,淮安检察,拍案|警惕，你的电脑可能沦为黑客手下的“肉鸡”,Shooting|Warning,2018-07-26,mp.weixin.qq.com/s?__biz=MjM5OTI4NTIyNw==&mid=2650191332&idx=1&sn=8cdb6a6987398868031a987483c79bfa
14,14.0,wxid_6064290663512_2018-07-26_2652707946_hgAevYq63b.y.tar.gz,2018-07-26,该内容已被发布者删除,2018-07-26,湖北经视,知名媒体人章文被指强奸，回应：事发时你情我愿，结果…又有女性出来指认了,The,2018-07-26,mp.weixin.qq.com/s?__biz=NzEyNTY0NDYx&mid=2652707946&idx=1&sn=f5c9cdedf743d112c7e81b91fbbd5174
15,15.0,gh_a07c756b8881_2018-07-25_2247490685_7tQqu3ImMv.y.tar.gz,2018-07-26,该内容已被发布者删除,2018-07-25,倾听婚姻,秦始皇陵为何不敢发掘，1974年出现的可怕一幕吓退在场所有专家,Why,2018-07-26,mp.weixin.qq.com/s?__biz=MzU4NzEwMTE5OA==&mid=2247490685&idx=5&sn=9f3ead39c0772fc18cc06042b82a4c59
16,16.0,gh_3790dd50e9e5_2018-07-26_2652962919_64Tq7oShQe.y.tar.gz,2018-07-26,该内容已被发布者删除,2018-07-26,福建检察,疫苗案进展｜吉林省食药监局原局长崔洪海今天被检察机关提起公诉,The,2018-07-26,mp.weixin.qq.com/s?__biz=MzAwOTA5Mjc4Mw==&mid=2652962919&idx=1&sn=63e2bee2bcf4e6ac0c220deb362e0a85
17,17.0,wxid_5455324566712_2018-07-26_2650860391_VnFWxRmHKi.y.tar.gz,2018-07-27,该内容已被发布者删除,2018-07-26,南都周刊,章文们，我有100个男朋友，我的大腿你也不能摸,Zhang,2018-07-27,mp.weixin.qq.com/s?__biz=MjE2MDI0OTk2MQ==&mid=2650860391&idx=1&sn=4c299efa64d8e6fa2ed4fd924ff23756
18,18.0,gh_cffa19ce8f37_2018-07-26_2650133978_cXNe8oT3d9.y.tar.gz,2018-07-27,该内容已被发布者删除,2018-07-26,云石,中国海警改制，日本承认：中日实力已非常悬殊，压力山大！,China's,2018-07-27,mp.weixin.qq.com/s?__biz=MzA3NDM2Mjg4Mw==&mid=2650133978&idx=4&sn=88d2bf922d1b4986205dd04da7a315be
19,19.0,gh_5837a787f329_2018-07-26_2652279211_dPRM3N72T9.y.tar.gz,2018-07-26,该内容已被发布者删除,2018-07-26,LADYMAX,成立已10年，老铺黄金为何选择此时“出海”？,It,2018-07-26,mp.weixin.qq.com/s?__biz=MjM5OTAxMTE4MA==&mid=2652279211&idx=2&sn=b18fbf71846c55c9e9e72e1ad724d95d
20,20.0,gh_a2c7ee2ac820_2018-07-26_2649207300_0wT7PFxBhj.y.tar.gz,2018-07-27,该内容已被发布者删除,2018-07-26,牛山野夫读史记,百家争宠,Hundreds,2018-07-27,mp.weixin.qq.com/s?__biz=MzA5Mjg3MDU0OQ==&mid=2649207300&idx=1&sn=9eda87aeeaf8ede9cca8bd03374795ba
21,21.0,nanfangzhoumo_2018-07-26_2652396543_vygjZuSH2T.y.tar.gz,2018-07-27,该内容已被发布者删除,2018-07-26,南方周末,“反性侵”猛击知名人士，黑名单还有多长,Anti-sexual,2018-07-27,mp.weixin.qq.com/s?__biz=Njk5MTE1&mid=2652396543&idx=1&sn=bd65c67c7618fccb419ed41f2d39a4b2
22,22.0,gh_3dda95af34d0_2018-07-26_2653392575_WXOvlpBF79.y.tar.gz,2018-07-26,该内容已被发布者删除,2018-07-26,中国房地产报,恒大碧桂园保利重磅入围,Evergrande,2018-07-27,mp.weixin.qq.com/s?__biz=MjM5MjA0OTUwMA==&mid=2653392575&idx=2&sn=a15a7a44aa1051f3631d9e399d37d1c0
23,23.0,gh_87b74552c65e_2018-07-26_2651529257_iKeS9zY0I0.y.tar.gz,2018-07-27,该内容已被发布者删除,2018-07-26,大爱清尘基金,大爱清尘2018年6月刊,Great,2018-07-27,mp.weixin.qq.com/s?__biz=MjM5NDc5NjMzMQ==&mid=2651529257&idx=2&sn=33dacba450135a5ff1cb15c00f07d9b4
24,24.0,gh_44e51cde40c7_2018-07-26_2247504760_u8d5W2mIZt.y.tar.gz,2018-07-27,该内容已被发布者删除,2018-07-26,凤凰WEEKLY,明治维新150周年，中日顶尖学者来聊一聊这场变革,The,2018-07-27,mp.weixin.qq.com/s?__biz=MzI1NDY5NDM3OQ==&mid=2247504760&idx=2&sn=48a595ab86785778b99d34d05fa63586
25,,gh_a4b4086fe37c_2018-07-20_2659707607_xV3uemc9JY.y.tar.gz,2018-07-21,该内容已被发布者删除,2018-07-20,妈妈的阅读,你说我太宠娃，我说你放狗屁！,You,2018-07-20,mp.weixin.qq.com/s?__biz=MzIwOTI2NDA0OA==&mid=2659707607&idx=2&sn=3b4e7a205448624737682d34d05a4d9b
26,,gh_70adee9aa9f7_2018-07-20_2660259739_nmXZLk7haC.y.tar.gz,2018-07-21,该内容已被发布者删除,2018-07-20,颜辞,犀利原配：把出轨老公，送去坐牢！,Sharp,2018-07-20,mp.weixin.qq.com/s?__biz=MzI5MjAzNTkzMQ==&mid=2660259739&idx=2&sn=b05601356b31608afb920bbe64907cd0
27,,gh_5d8b2e6b8c20_2018-04-14_2651404750_87vFhAsgQo.y.tar.gz,2018-07-20,该内容已被发布者删除,2018-04-14,自媒体,在家爆米花，羡慕！（德国皇冠金锅）你也可以做到！,Popcorn,2018-07-21,mp.weixin.qq.com/s?__biz=MzA3ODc0NTUwOA==&mid=2651404750&idx=2&sn=731451e6aca9624e2322da53906c60a7
28,,gh_0d53a1e1bd0e_2018-07-20_2651260321_QfwSTJu5ni.y.tar.gz,2018-07-21,该内容已被发布者删除,2018-07-20,卢璐说,她贫穷、抑郁、远嫁，却活出了所有人羡慕的样子,She,2018-07-20,mp.weixin.qq.com/s?__biz=MzAwNjMyMzEwOA==&mid=2651260321&idx=2&sn=11aef5d549e3a1308a5aba31303eb59e
29,,gh_45220e40f13c_2018-07-20_2649917708_ROWNlFizse.y.tar.gz,2018-07-21,该内容已被发布者删除,2018-07-20,吐槽星君,网友分享被绿的经历，老实人招谁惹谁了？？,Netizens,2018-07-20,mp.weixin.qq.com/s?__biz=MzI4NjA0MTc0Nw==&mid=2649917708&idx=3&sn=7e2f329ac4c6eaedeca554b84c8143e5
30,,gh_419ea35befa4_2018-07-20_2650669518_n6x5QdMt0j.y.tar.gz,2018-07-21,该内容已被发布者删除,2018-07-20,新京报评论,酷炫？无害？电子烟不能对未成年人“不设防”,Cool?,2018-07-20,mp.weixin.qq.com/s?__biz=MzA3NzMxNjQzMA==&mid=2650669518&idx=1&sn=d5dedf60d6a61d961a4d7c31b30e9b84
31,,gh_dbdf39c5c605_2018-07-20_2247484872_8SN0smoiyc.y.tar.gz,2018-07-20,该内容已被发布者删除,2018-07-20,强道逻辑,方,Fang,2018-07-22,mp.weixin.qq.com/s?__biz=MzIxODU5OTcxNg==&mid=2247484872&idx=1&sn=ee7c09f389837fe9ace4a9657d8ad445
32,,gh_dd44601c2014_2018-07-20_2649779102_zDYm2bkiCq.y.tar.gz,2018-07-20,此内容因违规无法查看,2018-07-20,風聲評論,多少个正部级学生能保护一个被性骚扰的女生？丨凤凰网评论,How,2018-07-21,mp.weixin.qq.com/s?__biz=MjM5NjIxMTcwMA==&mid=2649779102&idx=1&sn=ba1cc6458e2136e13a7b9840815bced1
33,,gh_5d8b2e6b8c20_2018-04-12_2651404707_3hM40kBoSF.y.tar.gz,2018-07-20,该内容已被发布者删除,2018-04-12,自媒体,留住家人的心，先留住家人的胃，有了（德国皇冠金锅）你也可以做到！,Keep,2018-07-22,mp.weixin.qq.com/s?__biz=MzA3ODc0NTUwOA==&mid=2651404707&idx=1&sn=fdebc5416fdcf7a8f5c2990dea1bd1d6
34,,gh_b7047f0cbe74_2018-07-20_2653139703_96jUXMcVwK.y.tar.gz,2018-07-20,该内容已被发布者删除,2018-07-20,内蒙古日报,内蒙古一地昨日发生洪灾,A,2018-07-22,mp.weixin.qq.com/s?__biz=MjM5NzE1ODI3OQ==&mid=2653139703&idx=3&sn=32112b116a3b1471146a24032a4009b3
35,,gh_65f5271d2a21_2018-07-20_2247486873_MiYkNDu7cK.y.tar.gz,2018-07-22,该内容已被发布者删除,2018-07-20,江南隐士,这是今年看到过的最感人故事,This,2018-07-22,mp.weixin.qq.com/s?__biz=MzI5NjQ1MTIxNQ==&mid=2247486873&idx=1&sn=c0dfa963a615c968fabaa4debf302c5b
36,,gh_3a385cef715a_2018-07-20_2247489878_FjLi4zCbJM.y.tar.gz,2018-07-22,此内容因违规无法查看,2018-07-20,微工荟,学生、工人双双被打，说好的“非暴力”呢！？,Students,2018-07-22,mp.weixin.qq.com/s?__biz=MzI3ODYzMDUxOQ==&mid=2247489878&idx=1&sn=14dac72ad55df77fef1c4c76ebe36e42
37,,gh_50ff403149b1_2018-07-20_2651390419_5rkuYp6IS1.y.tar.gz,2018-07-21,该内容已被发布者删除,2018-07-20,阿勒泰市零距离,【要闻】国家税务总局阿勒泰市税务局正式挂牌,[News],2018-07-22,mp.weixin.qq.com/s?__biz=MzA4OTMyNzcyOQ==&mid=2651390419&idx=2&sn=2c8b8c4a740259b51629b636935825f8
38,,gh_3f32860422be_2018-07-20_2656281449_oUal400AEz.y.tar.gz,2018-07-20,该内容已被发布者删除,2018-07-20,中国缝制机械协会,共享互通|中国自行车协会会长团队拜访中缝协,Sharing,2018-07-22,mp.weixin.qq.com/s?__biz=MjM5MjEzNzYzMA==&mid=2656281449&idx=1&sn=18cd0842aed73f4c5e6ddeee4844c8b0
39,,gh_bcae3e46c50c_2018-07-20_2247513269_Xb0R0JOzAF.y.tar.gz,2018-07-21,该内容已被发布者删除,2018-07-20,摇滚客,镜头有多晃，这部禁片就有多肮脏,How,2018-07-22,mp.weixin.qq.com/s?__biz=MzIyMDkwMzczOQ==&mid=2247513269&idx=2&sn=3fe788aae63abdd2590c7179da38ff94
40,,gh_3240ee4ed0a1_2018-07-20_2653271675_M2694WdxC7.y.tar.gz,2018-07-22,此内容因违规无法查看,2018-07-20,不是官话,【旧闻】2008年中山大学学生会主席直选全纪录,[Old,2018-07-22,mp.weixin.qq.com/s?__biz=MzA3MjI0MDQ3MQ==&mid=2653271675&idx=2&sn=80a26ae7869f2321273c1641ec7f2fd0
41,,gh_cfb5087c307a_2018-07-20_2247495194_WVqstGAr02.y.tar.gz,2018-07-22,该内容已被发布者删除,2018-07-20,尸人,某宝年中大促网购内幕，看看你被坑了多少...？,In,2018-07-22,mp.weixin.qq.com/s?__biz=MzUzMjEwOTkyOQ==&mid=2247495194&idx=2&sn=5e70a43311cebda5843a0858b0dcd92f
42,,gh_63d69396993d_2018-07-20_2651878300_EMAayo2YU0.y.tar.gz,2018-07-22,该内容已被发布者删除,2018-07-20,今日斗门,要的就是你！工作稳定，含金量高，赶紧来报名吧！,What,2018-07-22,mp.weixin.qq.com/s?__biz=MzAwNzIxMTM3OQ==&mid=2651878300&idx=5&sn=43fd1d27f44cc829c149efcc150ac5cb
43,,gh_867e9e706024_2018-07-20_2649456249_F6GQBDEW0c.y.tar.gz,2018-07-22,该内容已被发布者删除,2018-07-20,白日做梦,我这脾气,My,2018-07-22,mp.weixin.qq.com/s?__biz=MzIxMDIzODM1NA==&mid=2649456249&idx=4&sn=dcdea8e5c4cb2809a8ddccbf04c352a6
44,,gh_867e9e706024_2018-07-20_2649456249_eSbf28J9GO.y.tar.gz,2018-07-22,该内容已被发布者删除,2018-07-20,白日做梦,男生最想要的是哪一种女友？,Which,2018-07-22,mp.weixin.qq.com/s?__biz=MzIxMDIzODM1NA==&mid=2649456249&idx=1&sn=ed67089b57252240ecc9057bd6f9f04a
45,,gh_a0c22034cce0_2018-07-20_2247495947_FpRnlcsZLC.y.tar.gz,2018-07-21,该内容已被发布者删除,2018-07-20,地球知识局,兰州为什么会发大水？,Why,2018-07-22,mp.weixin.qq.com/s?__biz=MzI1ODUzNjQ1Mw==&mid=2247495947&idx=1&sn=80ac90353afc26ac6702f761fc989c53
46,,gh_d83749844ad3_2018-07-20_2674326735_qhxNTOeHBS.y.tar.gz,2018-07-21,此内容因违规无法查看,2018-07-20,恐怖故事365天,早上被女朋友“霸王硬上弓”是什么体验？,What,2018-07-22,mp.weixin.qq.com/s?__biz=MjM5MTUxMzM5OA==&mid=2674326735&idx=2&sn=0f4159b9855f11062ea423fc11ac71fc
47,,gh_dc9a573d9cfd_2018-07-20_2651959629_59ShaDZHFd.y.tar.gz,2018-07-21,该内容已被发布者删除,2018-07-20,英国那些事儿,黑猩猩的短期记忆力有多强？吊打人类科学家毫无压力,How,2018-07-22,mp.weixin.qq.com/s?__biz=MjM5NjAwNzI0MA==&mid=2651959629&idx=7&sn=21b2e85dc8ea3d4e82529c0180722bec
48,,gh_f926f0011273_2018-07-19_2653060421_7PiVS9e0hp.y.tar.gz,2018-07-21,此内容被投诉且经审核涉嫌侵权，无法查看。,2018-07-19,非著名程序员,Kotlin,Kotlin,2018-07-20,mp.weixin.qq.com/s?__biz=MjM5NDkxMTgyNw==&mid=2653060421&idx=1&sn=946cc1d84e9beed0f063fbbe578a6f21
49,,gh_a4b4086fe37c_2018-07-20_2659707607_Ief3oSlKYD.y.tar.gz,2018-07-21,该内容已被发布者删除,2018-07-20,妈妈的阅读,奶奶和姥姥，哪一个带孩子会更好？没有比“她”更适合的了,Grandma,2018-07-20,mp.weixin.qq.com/s?__biz=MzIwOTI2NDA0OA==&mid=2659707607&idx=1&sn=87e6dad8a5abb0d039d98820567c6bf5
50,,gh_621ec9a39f5b_2018-07-20_2650502959_cQVY9AureK.y.tar.gz,2018-07-21,该内容已被发布者删除,2018-07-20,解放军报记者部,这个几名军医真牛！创作歌曲《浪花》并制作MV,This,2018-07-20,mp.weixin.qq.com/s?__biz=MjM5MjQ0Njk4MA==&mid=2650502959&idx=4&sn=ba92ec59245bd0adc4ca008df76656ba
51,,gh_9524bd6f8e75_2018-07-20_2247532195_MsPc7J6oiB.y.tar.gz,2018-07-21,该内容已被发布者删除,2018-07-20,国馆,杜月笙是他小弟，千名妓女为他送葬：不为名利所累，才算真贵族。,Du,2018-07-20,mp.weixin.qq.com/s?__biz=MzU5MjI3NTA4Mw==&mid=2247532195&idx=1&sn=310bf0132e7eb43d893f3462e333073b
52,,gh_e76b6086b960_2018-07-21_2247494700_k0YmqxzKd7.y.tar.gz,2018-07-23,该内容已被发布者删除,2018-07-21,凤凰网财经,A股未来的出路终明朗，争抢5万亿大蛋糕,The,2018-07-22,mp.weixin.qq.com/s?__biz=MzU5ODU1Mjg5Nw==&mid=2247494700&idx=5&sn=bd07a259738bc879b12aee531c0dca9f
53,,gh_e76b6086b960_2018-07-20_2247494671_HCYSjowthQ.y.tar.gz,2018-07-22,该内容已被发布者删除,2018-07-20,凤凰网财经,“康波周期”2019将至，谁将成为资金追捧的王者？,Conbo,2018-07-22,mp.weixin.qq.com/s?__biz=MzU5ODU1Mjg5Nw==&mid=2247494671&idx=5&sn=1fb5b03400fc68b92f8361f0bb7a2fcc
54,,gh_a53dbc2e04b7_2018-07-20_2652134226_7ZJApFW3te.y.tar.gz,2018-07-22,此内容因违规无法查看,2018-07-20,坦腹斋,荐读,荐读,2018-07-22,mp.weixin.qq.com/s?__biz=MzA5NDI4MzAzNQ==&mid=2652134226&idx=1&sn=f3885912e8e69771c02866d928c5f650
55,,gh_867e9e706024_2018-07-20_2649456249_eQCN9zshJH.y.tar.gz,2018-07-22,该内容已被发布者删除,2018-07-20,白日做梦,你收到过最奇葩的礼物是什么？,What,2018-07-22,mp.weixin.qq.com/s?__biz=MzIxMDIzODM1NA==&mid=2649456249&idx=3&sn=e5f05b777902109b87efcf0f272dc180
56,,gh_867e9e706024_2018-07-20_2649456249_j0aYqpNTl9.y.tar.gz,2018-07-22,该内容已被发布者删除,2018-07-20,白日做梦,南京小三挑衅原配：你剽悍我温柔所以他出轨,Nanjing,2018-07-22,mp.weixin.qq.com/s?__biz=MzIxMDIzODM1NA==&mid=2649456249&idx=2&sn=0ab2847461d79befa56c3f620b1aed87
57,,gh_efc11fca1551_2018-07-22_2660227886_OrqPcubXak.y.tar.gz,2018-07-22,该内容已被发布者删除,2018-07-22,刑事法律圈,疫苗之亡：我最绝望的一天,The,2018-07-24,mp.weixin.qq.com/s?__biz=MzAxNzA4MjYyMQ==&mid=2660227886&idx=1&sn=52c5db2448a5662d45be7ded1ee151e6
58,,gh_3b6e882de9d2_2018-07-22_2247488844_IE0dCQqeMX.y.tar.gz,2018-07-24,此内容因违规无法查看,2018-07-22,新湘江评论,疫苗事件,Vaccine,2018-07-23,mp.weixin.qq.com/s?__biz=MzU0NzA1MjE5NQ==&mid=2247488844&idx=1&sn=51b10b3e32fc58da384e4c114d70330a
59,,gh_1cee408cc68f_2018-07-20_2247495586_MzS9YCGhpj.y.tar.gz,2018-07-21,此内容被投诉且经审核涉嫌侵权，无法查看。,2018-07-20,今日南江,痛心！南江又一青年溺水身亡……,Distressed!,2018-07-22,mp.weixin.qq.com/s?__biz=MzUxNTY4NjY3Nw==&mid=2247495586&idx=1&sn=7c71af2dfacf1354881389d02bcfaf08
60,,gh_32594d554f48_2018-07-22_2651539608_2aTcpeblu8.y.tar.gz,2018-07-22,此内容因违规无法查看,2018-07-22,老K看天下,疫苗之亡：中国人最绝望的一天,The,2018-07-24,mp.weixin.qq.com/s?__biz=MzAwNDY5Mjg2OA==&mid=2651539608&idx=1&sn=1276a6d00bbefdacf4429db3beed708d
61,,gh_063bda886aec_2018-07-21_2247490181_kVI6zQnKtj.y.tar.gz,2018-07-22,该内容已被发布者删除,2018-07-21,韩城周边大小事,韩城周边招聘求职、出售求购、出租求租、征婚信息,Jobs,2018-07-24,mp.weixin.qq.com/s?__biz=MzI2MzQwNzgzNA==&mid=2247490181&idx=5&sn=5c8a8c31351be471d74960ecfbe055be
62,,gh_9635a97aa6b0_2018-07-22_2247488475_EvqsHTdWp8.y.tar.gz,2018-07-24,该内容已被发布者删除,2018-07-22,真相与谎言,河南一信訪局長不雅视頻曝光：辣眼睛,Henan,2018-07-23,mp.weixin.qq.com/s?__biz=MzI3MzMzNTY3OQ==&mid=2247488475&idx=3&sn=e2b47ffb34ecc5b15287fa1f7ba054f1
63,,gh_5b9799228df1_2018-07-21_2247484740_rWx0jXmCpE.y.tar.gz,2018-07-23,该内容已被发布者删除,2018-07-21,微观时局,【我不是荡妇】,[I,2018-07-24,mp.weixin.qq.com/s?__biz=MzI3MDQzNzQzOA==&mid=2247484740&idx=3&sn=57fb43b7c1177dedb2674bd8141b97fa
64,,gh_5b9799228df1_2018-07-22_2247484744_QHOinzky0Z.y.tar.gz,2018-07-24,该内容已被发布者删除,2018-07-22,微观时局,龙凤胎一个都不像我，我怀疑老婆，多年后送儿女上大学，我傻了……,A,2018-07-23,mp.weixin.qq.com/s?__biz=MzI3MDQzNzQzOA==&mid=2247484744&idx=3&sn=c34aa035488a3109e49fa55a15c29e82
65,,gh_3b9f94dc62ed_2018-07-21_2651769580_sBXENVL6Zc.y.tar.gz,2018-07-23,该内容已被发布者删除,2018-07-21,大学生时光,女生为什么都喜欢180以上的男生？,Why,2018-07-24,mp.weixin.qq.com/s?__biz=MzAxNjU3OTc0Mg==&mid=2651769580&idx=6&sn=89ba8264f8c89e5b854bc273a0b0a982
66,,gh_1ebe1a3ab58a_2018-07-22_2247488805_YwZdvnXE2O.y.tar.gz,2018-07-24,此内容因违规无法查看,2018-07-22,老斯基财经,疫苗无毒，人有毒,The,2018-07-23,mp.weixin.qq.com/s?__biz=MzI2OTQ2ODE1Mw==&mid=2247488805&idx=1&sn=d30e32f074b9f598f699c916c74494c0
67,,gh_0de0de7c2866_2018-07-21_2650769015_fCdtXzr5Fl.y.tar.gz,2018-07-22,该内容已被发布者删除,2018-07-21,剑圣喵大师,实录：我当第三者的那几年,Record:,2018-07-24,mp.weixin.qq.com/s?__biz=MzI5MTExMDYxNQ==&mid=2650769015&idx=2&sn=7e69f65167f076f8c2f52e947dfa8a0d
68,,gh_f8d73b28357d_2018-07-21_2658281912_MQvu8kbr0U.y.tar.gz,2018-07-24,该内容已被发布者删除,2018-07-21,创业财经汇,碧桂园为何大崩溃？,Why,2018-07-23,mp.weixin.qq.com/s?__biz=MjM5NjAyMTYyMg==&mid=2658281912&idx=1&sn=2b2fa33b0bc1580c462b3fb429cfe0fe
69,,gh_5aa913dc2b52_2018-07-22_2650200602_IJM2PpX9cu.y.tar.gz,2018-07-24,该内容已被发布者删除,2018-07-22,七色棒棒糖,【基友一家亲】第680篇丨娇羞0,[Kiyou,2018-07-24,mp.weixin.qq.com/s?__biz=MzA3NDU0Njc0NQ==&mid=2650200602&idx=2&sn=35ac928c3bd1aedf850c72796f94edab
70,,gh_232719586984_2018-07-23_2653034622_X1CaBJdxil.y.tar.gz,2018-07-24,该内容已被发布者删除,2018-07-23,処女座,坐腿杀对男生的吸引力有多大？,How,2018-07-24,mp.weixin.qq.com/s?__biz=MzIyMjA0NzY1Ng==&mid=2653034622&idx=5&sn=c142d2c2472ebe624304a8a7c4c4ceb0
71,,gh_232719586984_2018-07-23_2653034622_5Q4FhDbHWa.y.tar.gz,2018-07-24,该内容已被发布者删除,2018-07-23,処女座,你的左右脑分别有几岁？,How,2018-07-24,mp.weixin.qq.com/s?__biz=MzIyMjA0NzY1Ng==&mid=2653034622&idx=2&sn=826fc4acee66c6c353d4fd81bcb55528
72,,gh_e76b6086b960_2018-07-21_2247494700_tJOwx05qle.y.tar.gz,2018-07-22,此内容因违规无法查看,2018-07-21,凤凰网财经,疫苗之王们的造假之路：市值百亿,The,2018-07-23,mp.weixin.qq.com/s?__biz=MzU5ODU1Mjg5Nw==&mid=2247494700&idx=1&sn=bf03f07e3fd84bf4204246879a0f93e5
73,,gh_a72294a4f14b_2018-07-22_2651796917_2CmubLDWK4.y.tar.gz,2018-07-23,该内容已被发布者删除,2018-07-22,法制网,长生已被药监局责令停产并立案,Changsheng,2018-07-24,mp.weixin.qq.com/s?__biz=MzAwODIyOTc2MQ==&mid=2651796917&idx=1&sn=17b1dd83ffc19249db57b63394dec628
74,,gh_3e7c18694931_2018-07-22_2650956687_l2DFWh0xdL.y.tar.gz,2018-07-23,该内容已被发布者删除,2018-07-22,科协改革进行时,“量子之父”潘建伟清华演讲：科学的价值,Father,2018-07-24,mp.weixin.qq.com/s?__biz=MzAwMDgxMjEwMQ==&mid=2650956687&idx=2&sn=7dbf6f1834b0b07237292043fde98f57
75,,gh_3a385cef715a_2018-07-22_2247489899_5T0HKY2iM9.y.tar.gz,2018-07-23,此内容因违规无法查看,2018-07-22,微工荟,刚刚，坪山佳士工人斗争取得初步胜利！,Just,2018-07-24,mp.weixin.qq.com/s?__biz=MzI3ODYzMDUxOQ==&mid=2247489899&idx=1&sn=32c34e66d15828da140cf6ae73daf128
76,,gh_7e270e6d4a90_2018-07-23_2649790877_dmOlIJhcxV.y.tar.gz,2018-07-25,此内容因违规无法查看,2018-07-23,当代公益,1篇文章，读懂疫苗事件始末,1,2018-07-23,mp.weixin.qq.com/s?__biz=MzAwNzQxNjA4NA==&mid=2649790877&idx=2&sn=b033666ca8ed1e63dba6cb130240fadc
77,,gh_915814ce8e19_2018-07-20_2653194730_mV94iJalC6.y.tar.gz,2018-07-25,该内容已被发布者删除,2018-07-20,程序员小灰,我不是书神！,I,2018-07-23,mp.weixin.qq.com/s?__biz=MzIxMjE5MTE1Nw==&mid=2653194730&idx=1&sn=b31c1b2a8b41a46cdbbec6ce4082d5dc
78,,gh_262667b1b5ca_2018-07-23_2650101446_SFBATDc74P.y.tar.gz,2018-07-23,该内容已被发布者删除,2018-07-23,非常历史,【今日历史】7月24日大事记，历史上的今天发生了什么？,[Today's,2018-07-25,mp.weixin.qq.com/s?__biz=MjM5MjA5MzE1MA==&mid=2650101446&idx=5&sn=1c3e0421b1417f6cef036adbc4a123d2
79,,gh_22bc785da9c6_2018-07-23_2650980692_VnsuTR5fEO.y.tar.gz,2018-07-23,该内容已被发布者删除,2018-07-23,五楼的瞭望者,请你从头再来,Please,2018-07-25,mp.weixin.qq.com/s?__biz=MzAxMDMxMTkwMg==&mid=2650980692&idx=1&sn=760819ae6fa2e42591f0535ce9e58d04
80,,gh_cc43c37310ea_2018-07-23_2247490338_HxBMGdqJa7.y.tar.gz,2018-07-25,该内容已被发布者删除,2018-07-23,鬼师兄讲鬼故事,少年暴死，出殡时下面仍旧挺直，只因吃错了……,The,2018-07-23,mp.weixin.qq.com/s?__biz=MzI5NTg3NzcxMQ==&mid=2247490338&idx=1&sn=ae72cbe2000510d71a13cfacd8e10cec
81,,gh_af78a7ce12de_2018-07-22_2649974248_cuFZPvd3St.y.tar.gz,2018-07-25,该内容已被发布者删除,2018-07-22,民族史,包邮丨王兴振《北魏王言制度研究》,Wang,2018-07-23,mp.weixin.qq.com/s?__biz=MzI0NDEzOTU2Mw==&mid=2649974248&idx=1&sn=182a83c937d72f2c6be921700366844f
82,,gh_af78a7ce12de_2018-07-23_2649974251_ikAShZObJY.y.tar.gz,2018-07-25,该内容已被发布者删除,2018-07-23,民族史,特价丨《北魏王言制度研究》,Special,2018-07-23,mp.weixin.qq.com/s?__biz=MzI0NDEzOTU2Mw==&mid=2649974251&idx=2&sn=87a2c3457ebf02a04a4528fd1a1c8694
83,,gh_62476001a36e_2018-07-22_2247486729_xY7pQCUaql.y.tar.gz,2018-07-25,该内容已被发布者删除,2018-07-22,空空道人厚黑堂,一句话的事儿,a,2018-07-23,mp.weixin.qq.com/s?__biz=MzI5OTUxNDg3Mg==&mid=2247486729&idx=1&sn=e82eeb15638889e01ab5b2609452ee8d
84,,gh_70adee9aa9f7_2018-07-23_2660259772_V1iaIjRJUl.y.tar.gz,2018-07-23,该内容已被发布者删除,2018-07-23,颜辞,这场越轨的婚姻里，谁比谁更狠,Who,2018-07-25,mp.weixin.qq.com/s?__biz=MzI5MjAzNTkzMQ==&mid=2660259772&idx=2&sn=829d8311c9a27cc181ebaddd376f376d
85,,gh_70adee9aa9f7_2018-07-22_2660259759_yIHaEGwNrg.y.tar.gz,2018-07-25,该内容已被发布者删除,2018-07-22,颜辞,等了5年的男人，我终于睡到了,After,2018-07-23,mp.weixin.qq.com/s?__biz=MzI5MjAzNTkzMQ==&mid=2660259759&idx=2&sn=493273690328f739e67faf6d3b0abda3
86,,gh_a7700a3fd604_2018-07-22_2655227735_v1AOdnVgZK.y.tar.gz,2018-07-25,该内容已被发布者删除,2018-07-22,奔波儿灞与灞波儿奔,什么情况？朋友圈可以发语音了？！,what's,2018-07-23,mp.weixin.qq.com/s?__biz=MjM5NzEyMTUxNg==&mid=2655227735&idx=4&sn=0073f4ddb9009d60f74e15e772b15a5e
87,,gh_55caca37a5ce_2018-07-22_2650385578_l48eON1qvX.y.tar.gz,2018-07-25,该内容已被发布者删除,2018-07-22,私产经济学与伦理学,强制接种疫苗的神话,The,2018-07-23,mp.weixin.qq.com/s?__biz=MzIwMTU3MDY3NQ==&mid=2650385578&idx=1&sn=57133bf86cad0968a3f2817038816ad9
88,,gh_efc11fca1551_2018-07-23_2660227911_B6JWKAoFZY.y.tar.gz,2018-07-25,该内容已被发布者删除,2018-07-23,刑事法律圈,疫.苗事件：是谁夺走了孩子选择疫.苗的权利！,Epidemic.,2018-07-23,mp.weixin.qq.com/s?__biz=MzAxNzA4MjYyMQ==&mid=2660227911&idx=1&sn=c465cc198486e5a1e7db38a21ae71b1f
89,,gh_4d55ea33d862_2018-07-22_2247534120_j9GhQC8eqE.y.tar.gz,2018-07-23,该内容已被发布者删除,2018-07-22,南国早报,公立幼儿园秒变民营，还1万5一学期？保利领秀前城业主懵了,Public,2018-07-25,mp.weixin.qq.com/s?__biz=MzU4NjAxNzM0NQ==&mid=2247534120&idx=1&sn=5f3dc0cd484c6fb43e323cae23285d9a
90,,gh_7fae7a18390f_2018-07-23_2651397098_Ad1UrhYavz.y.tar.gz,2018-07-23,此内容因违规无法查看,2018-07-23,中国法律文书网,假疫苗长生官网被黑客攻陷：不搞你，对不起祖国的花朵！,The,2018-07-25,mp.weixin.qq.com/s?__biz=MjM5OTQ4MjQxNg==&mid=2651397098&idx=1&sn=b2cd6fa6dd618e2a8dd3a9b822081477
91,,gh_5b9799228df1_2018-07-22_2247484744_UYZ39Lbz0j.y.tar.gz,2018-07-23,该内容已被发布者删除,2018-07-22,微观时局,做假疫苗只需罚款，卖洋疫苗竟要坐牢？,It,2018-07-25,mp.weixin.qq.com/s?__biz=MzI3MDQzNzQzOA==&mid=2247484744&idx=1&sn=8b94216f23a33978686851dc0d1976c9
92,,gh_419ea35befa4_2018-07-23_2650669650_FOjcIiNaJx.y.tar.gz,2018-07-23,该内容已被发布者删除,2018-07-23,新京报评论,“米粉”踩雷P2P，小米于情于理于法都难脱责,rice,2018-07-25,mp.weixin.qq.com/s?__biz=MzA3NzMxNjQzMA==&mid=2650669650&idx=1&sn=5225c5538f10a3463e865d2cef29f1ac
93,,nanfangzhoumo_2018-07-23_2652396497_jM0k9aiuQ1.y.tar.gz,2018-07-23,该内容已被发布者删除,2018-07-23,南方周末,长春长生问题疫苗：被放大的恐慌，该追查的问题,Changchun,2018-07-25,mp.weixin.qq.com/s?__biz=Njk5MTE1&mid=2652396497&idx=1&sn=a2bfad3768bbf1640ab115043d2e8e9b
94,,gh_fd6fc0d7c615_2018-07-23_2650976821_ijEKltx1ks.y.tar.gz,2018-07-25,该内容已被发布者删除,2018-07-23,复兴军事,这位敢打书记的小镇长,The,2018-07-25,mp.weixin.qq.com/s?__biz=MzA4NjQ4MzQ2Ng==&mid=2650976821&idx=4&sn=1935305732e432fc699f80465426729c
95,,gh_661d35def464_2018-07-23_2247483737_b0DPzk3iHL.y.tar.gz,2018-07-24,此内容因违规无法查看,2018-07-23,historicize,不管是在北大还是在深圳，打人的zhengfu职员都一样混蛋,Whether,2018-07-25,mp.weixin.qq.com/s?__biz=MzI5MDYwOTM5MQ==&mid=2247483737&idx=1&sn=a6d7a4a25a3c2b40184093a4276f90b5
96,,gh_3d946794572e_2018-07-22_2651155830_WlHxzUQAaf.y.tar.gz,2018-07-23,此内容被投诉且经审核涉嫌侵权，无法查看。,2018-07-22,海门日报,高温天气，海门一个娘子跑几十里路上班，碰拉只“海蜇老板”,In,2018-07-25,mp.weixin.qq.com/s?__biz=MzAxMjExMzQyOQ==&mid=2651155830&idx=7&sn=f868cf3a3bc3d6d9737a2b577d7a054a
97,,gh_0c45647c935c_2018-07-22_2652205721_L4jzpYNm2G.y.tar.gz,2018-07-23,该内容已被发布者删除,2018-07-22,环境保护,高质量推进生态环境建设——环保厅局长论坛召开,Promote,2018-07-25,mp.weixin.qq.com/s?__biz=MzA4MzQ0MjYyMg==&mid=2652205721&idx=1&sn=bcec75e34b091e3b093cd11aa56c9acc
98,,gh_e8e5d158bc88_2018-07-22_2649708090_dZJUSnMIf6.y.tar.gz,2018-07-25,此内容因违规无法查看,2018-07-22,霍老爷,这不是疫苗之殇，这是一代儿童之殇,This,2018-07-25,mp.weixin.qq.com/s?__biz=MzA4ODE3OTY5NQ==&mid=2649708090&idx=2&sn=0bddd5b0b78bf130725f2e91deb0dee3
99,,gh_c22b43b002c0_2018-07-23_2650405339_2ML6g1zHwG.y.tar.gz,2018-07-23,此内容因违规无法查看,2018-07-23,三表龙门阵,说说疫苗的事,Talk,2018-07-25,mp.weixin.qq.com/s?__biz=MjM5NTU0NTgyMg==&mid=2650405339&idx=1&sn=3872616be3e638c17b53b512ae90fe61
100,,lengtootoo_2018-07-23_2652537194_P02ISlFDA8.y.tar.gz,2018-07-26,该内容已被发布者删除,2018-07-23,冷兔,【冷兔•槽】每日一冷NO.1955,[Cold,2018-07-25,mp.weixin.qq.com/s?__biz=MTgwNTE3Mjg2MA==&mid=2652537194&idx=1&sn=eac218bb652fb4e2616315abd71b57f7
101,,gh_40f2418747aa_2018-07-23_2652858220_B8Jc9Lzial.y.tar.gz,2018-07-25,该内容已被发布者删除,2018-07-23,耒阳社区,惊险！耒阳竟有小车在马路上玩起了＂飘移＂...,thrilling!,2018-07-26,mp.weixin.qq.com/s?__biz=MjM5MTAwMjA0Mg==&mid=2652858220&idx=3&sn=ad68259fbe13aa841ca67fcf0adda161
102,,gh_7e2afb4dd5a5_2018-07-23_2247484573_mKt0aRMsk7.y.tar.gz,2018-07-25,此内容因违规无法查看,2018-07-23,自驾渔猎,触目惊心！记者拍摄7分钟“问题疫苗”完整视频曝光！,shocking!,2018-07-26,mp.weixin.qq.com/s?__biz=MzUyMDYwMTA5Ng==&mid=2247484573&idx=2&sn=75154def694dfce8e73d75ab30219f2e
103,,gh_c2115bbeae10_2018-07-23_2649516286_O6Vu9d4oWc.y.tar.gz,2018-07-26,此内容因违规无法查看,2018-07-23,花儿街参考,关于疫苗，愤怒之外，还有一些前后矛盾的问题,In,2018-07-25,mp.weixin.qq.com/s?__biz=MzA3NDg1NTIyNw==&mid=2649516286&idx=1&sn=f86efeb27e4b7a91c57493b7a04ab07d
104,,gh_6897b8d2258f_2018-07-22_2247486764_gYrvXwtQei.y.tar.gz,2018-07-23,此内容因违规无法查看,2018-07-22,环球看热点,重磅！问题疫苗的幕后更加丧心病狂，该给老百姓一个说法了！,Heavy!,2018-07-25,mp.weixin.qq.com/s?__biz=MzI2MjY2NTQ1OQ==&mid=2247486764&idx=1&sn=b5490e3e4258c86c784877c8fb62f091
105,,gh_232719586984_2018-07-24_2653034627_2ISMtngoNO.y.tar.gz,2018-07-25,该内容已被发布者删除,2018-07-24,処女座,男人有多在意女人不是第一次？,How,2018-07-26,mp.weixin.qq.com/s?__biz=MzIyMjA0NzY1Ng==&mid=2653034627&idx=1&sn=65adbadfa8c2be957c8fe16a83e47c59
106,,gh_c6be96f277fa_2018-07-23_2649305698_LtQKJHFESq.y.tar.gz,2018-07-23,该内容已被发布者删除,2018-07-23,穆之韵,【礼拜念词】《奥拉代》4末段,[Cultural,2018-07-26,mp.weixin.qq.com/s?__biz=MzI3NDEzMTkyOA==&mid=2649305698&idx=2&sn=827b7a1881c97b06605e327da497690b
107,,gh_22bc785da9c6_2018-07-24_2650980696_IcSFCBKX0Q.y.tar.gz,2018-07-25,此内容因违规无法查看,2018-07-24,五楼的瞭望者,手贱搜了下红黄蓝，我大概猜到了疫苗案的结局……,The,2018-07-26,mp.weixin.qq.com/s?__biz=MzAxMDMxMTkwMg==&mid=2650980696&idx=1&sn=301c604c6feab4fe666840db9482e596
108,,gh_079cdb79e8b7_2018-07-23_2652121710_4ZhpiarGcV.y.tar.gz,2018-07-24,此内容因违规无法查看,2018-07-23,野视频,触目惊心！记者拍摄7分钟“问题疫苗”完整视频曝光！,shocking!,2018-07-26,mp.weixin.qq.com/s?__biz=MzA4MzAwMzg3OQ==&mid=2652121710&idx=1&sn=43438643caf363b197d873048397c5a5
109,,gh_3dda95af34d0_2018-07-23_2653392516_lA26b4FSIB.y.tar.gz,2018-07-24,该内容已被发布者删除,2018-07-23,中国房地产报,谁是舞林新榜young,Who,2018-07-26,mp.weixin.qq.com/s?__biz=MjM5MjA0OTUwMA==&mid=2653392516&idx=3&sn=acf71cd0b54fe8239cc15add1d390ade
110,,gh_3dda95af34d0_2018-07-20_2653392467_rs8EFR32XU.y.tar.gz,2018-07-24,该内容已被发布者删除,2018-07-20,中国房地产报,焦点丨正荣长沙清理商户吃上官司,Focus,2018-07-23,mp.weixin.qq.com/s?__biz=MjM5MjA0OTUwMA==&mid=2653392467&idx=1&sn=30ac83f0e8dd6b08cf4ac3b3e5321251
111,,gh_cc778c1ce685_2018-07-22_2650607607_Iq8K6Mf30G.y.tar.gz,2018-07-24,该内容已被发布者删除,2018-07-22,募格学术,她三岁时被人贩拐卖，赴日攻克医学难题，只为拥抱“负罪”的养父,When,2018-07-23,mp.weixin.qq.com/s?__biz=MjM5MDAyMzQyMQ==&mid=2650607607&idx=3&sn=b0e6c843cb6d436dd45c0baf4575da2c
112,,gh_3f9203662dc6_2018-07-23_2247484635_ybUheguSzm.y.tar.gz,2018-07-24,此内容因违规无法查看,2018-07-23,狮门论坛,触目惊心！记者拍摄7分钟“问题疫苗”完整视频曝光！,shocking!,2018-07-25,mp.weixin.qq.com/s?__biz=MzU4ODUxOTY4NA==&mid=2247484635&idx=1&sn=59c9db00943dd6814c45e160a87601c7
113,,gh_232719586984_2018-07-22_2653034612_RLrKVtxhjd.y.tar.gz,2018-07-24,该内容已被发布者删除,2018-07-22,処女座,人，胖一点命好！不信你看！,People,2018-07-24,mp.weixin.qq.com/s?__biz=MzIyMjA0NzY1Ng==&mid=2653034612&idx=2&sn=c6d5a99b8fb5cbf90ce7b54269e85f79
114,,gh_f58593513bb6_2018-07-22_2653741820_irAbdq28Ew.y.tar.gz,2018-07-24,该内容已被发布者删除,2018-07-22,中山大学环境学院,夏令营丨Day3:交流面试,Summer,2018-07-24,mp.weixin.qq.com/s?__biz=MzA4NjYzOTAxOA==&mid=2653741820&idx=1&sn=105b24d791162e73f4f732ce57389a19
115,,gh_3033f4cf486d_2018-07-23_2671122294_SgoqPQV10w.y.tar.gz,2018-07-24,该内容已被发布者删除,2018-07-23,云南网,南京大学支教团在云南遭游民性骚扰，警方已抓获17岁嫌疑人,The,2018-07-26,mp.weixin.qq.com/s?__biz=MjM5NDg5MzMwMQ==&mid=2671122294&idx=2&sn=7c014099b81e351971524d23631877ce
116,,gh_85ceeb96c96a_2018-07-23_2247487360_yrNl3diKvj.y.tar.gz,2018-07-24,此内容因违规无法查看,2018-07-23,春草微视,触目惊心！记者拍摄7分钟“问题疫苗”完整视频曝光！,shocking!,2018-07-26,mp.weixin.qq.com/s?__biz=MzIxNzgzMDQzMA==&mid=2247487360&idx=1&sn=a342823f73b97b7a7da410761a856cbc
117,,gh_a2cb8e003f7b_2018-07-22_2247486042_yTaRjGSF2o.y.tar.gz,2018-07-24,此内容因违规无法查看,2018-07-22,熊老六,【八问长生,[Eight,2018-07-23,mp.weixin.qq.com/s?__biz=MzI3ODM2OTU5Mg==&mid=2247486042&idx=1&sn=379fe657c3ba9e456eb10157c9cc208f
118,,gh_232719586984_2018-07-24_2653034627_FoyxfOHAZP.y.tar.gz,2018-07-25,该内容已被发布者删除,2018-07-24,処女座,单身女贵族，没想到第一次给了条狗！！！,Single,2018-07-25,mp.weixin.qq.com/s?__biz=MzIyMjA0NzY1Ng==&mid=2653034627&idx=4&sn=221e2dc29e6a6f6164ec8e8293c9c22f
119,,gh_ec9122b5999a_2018-07-24_2247485917_NGxYlviXK0.y.tar.gz,2018-07-25,此内容因违规无法查看,2018-07-24,百姓生计,记者拍摄7分钟“问题疫苗”完整视频曝光！转`更多人看看！,The,2018-07-24,mp.weixin.qq.com/s?__biz=MzIyOTgwMTgwMw==&mid=2247485917&idx=1&sn=1267825adae35cc8fcb513fb2afdac6c
120,,gh_9564a4da8f59_2018-07-24_2651360662_7rmXPM52sB.y.tar.gz,2018-07-25,此内容因违规无法查看,2018-07-24,张鸣,疫苗之祸百姓之殇,The,2018-07-24,mp.weixin.qq.com/s?__biz=MjM5NDQ5NDAyMg==&mid=2651360662&idx=1&sn=08fb3025e711cebf0a58e3ec98aa417c
121,,gh_dbdf39c5c605_2018-07-22_2247484883_oy79L4KePD.y.tar.gz,2018-07-24,此内容因违规无法查看,2018-07-22,强道逻辑,方,Fang,2018-07-23,mp.weixin.qq.com/s?__biz=MzIxODU5OTcxNg==&mid=2247484883&idx=1&sn=713f47f07382fbb1af5aff183d9eb16a
122,,gh_e1a04d0a7b17_2018-07-24_2650134712_ZHBrxAGONS.y.tar.gz,2018-07-25,此内容因违规无法查看,2018-07-24,经济学博士,我更恐惧的是隐瞒和遗忘,I,2018-07-24,mp.weixin.qq.com/s?__biz=MzI4NDA0ODE3OA==&mid=2650134712&idx=1&sn=59b5e1418860a1056605337146e8d396
123,,gh_2b2e9f03559d_2018-07-24_2654291653_nIz6VOL8Ur.y.tar.gz,2018-07-24,此内容因违规无法查看,2018-07-24,军备圈,疫苗危局，康熙(XI，念二声)大大震怒朝堂斥群臣！,In,2018-07-25,mp.weixin.qq.com/s?__biz=MzI2NjE5NzQzOQ==&mid=2654291653&idx=1&sn=bf3e6579e95bb653a5bade1059f56f1d
124,,wxid_4302923029011_2018-07-23_2657203261_UygBzOw6in.y.tar.gz,2018-07-25,该内容已被发布者删除,2018-07-23,丁香医生,这个强致癌因素很常见，一招就能测出来,This,2018-07-24,mp.weixin.qq.com/s?__biz=MjA1ODMxMDQwMQ==&mid=2657203261&idx=1&sn=ad23308dd896dbcfcf38871e832a3f65
125,,gh_915814ce8e19_2018-07-24_2653194837_MgyD1bxj9E.y.tar.gz,2018-07-24,该内容已被发布者删除,2018-07-24,程序员小灰,这个男人敲了五年代码，赚了老爸一生的积蓄……,The,2018-07-25,mp.weixin.qq.com/s?__biz=MzIxMjE5MTE1Nw==&mid=2653194837&idx=1&sn=88060165aa4b7e50a919fc378c379264
126,,gh_d4e31442bbfa_2018-07-24_2651315855_GFZIsPV1O9.y.tar.gz,2018-07-25,此内容因违规无法查看,2018-07-24,为道而阅,假疫苗事件，最令我厌恶的一群人…,The,2018-07-24,mp.weixin.qq.com/s?__biz=MzA5Njk0ODY5MA==&mid=2651315855&idx=1&sn=81082636fe5168577f54266d3ef74bc7
127,,gh_759087605909_2018-07-24_2650995468_8SMWOFEmYI.y.tar.gz,2018-07-26,此内容因违规无法查看,2018-07-24,百年树人,【深度调查】打疫苗的与喝三鹿的，比惨只会输的更惨！,[In-depth,2018-07-24,mp.weixin.qq.com/s?__biz=MzA5NjA1ODY4NQ==&mid=2650995468&idx=1&sn=846f0304a6e8c2b35c8db0ed419a86d0
128,,gh_9635a97aa6b0_2018-07-20_2247488451_ZOqPKhM0Xf.y.tar.gz,2018-07-24,该内容已被发布者删除,2018-07-20,真相与谎言,浙,Zhejiang,2018-07-23,mp.weixin.qq.com/s?__biz=MzI3MzMzNTY3OQ==&mid=2247488451&idx=1&sn=dc73bb5074cea5788f40108cdb0ca2a0
129,,gh_7fae7a18390f_2018-07-24_2651397105_QjP7T0chaS.y.tar.gz,2018-07-26,此内容因违规无法查看,2018-07-24,中国法律文书网,我们都在一条船上,We,2018-07-24,mp.weixin.qq.com/s?__biz=MjM5OTQ4MjQxNg==&mid=2651397105&idx=1&sn=9e7e3814377fee83bb235fdc6629217f
130,,wxid_4783107810411_2018-07-22_2650770200_r9Ra3zOJY2.y.tar.gz,2018-07-24,该内容已被发布者删除,2018-07-22,南方都市报,刚刚，长生生物回复深交所！深企康泰生物董事长曾送钱给食药监总局原官员,Just,2018-07-23,mp.weixin.qq.com/s?__biz=MTk1MjIwODAwMQ==&mid=2650770200&idx=1&sn=6987a19bfada5bd327ded7e24a73bc6d
131,,gh_0ff27aeb1aad_2018-07-24_2247484061_sBfe0UlJxG.y.tar.gz,2018-07-26,此内容因违规无法查看,2018-07-24,押沙龙yashl,几个感想,Several,2018-07-26,mp.weixin.qq.com/s?__biz=MzAxNzk0NTg3Nw==&mid=2247484061&idx=1&sn=72498b9b6fa46bd7362fb9127460db2a
132,,gh_eb9386049200_2018-07-24_2652441835_0TdFAnSya7.y.tar.gz,2018-07-26,该内容已被发布者删除,2018-07-24,长兴人,陆毅在长兴煤山拍戏啦！颜值真高，长兴群演很快就可以上电视,Lu,2018-07-26,mp.weixin.qq.com/s?__biz=MjM5MzQ5MDUyNQ==&mid=2652441835&idx=4&sn=52083ab57b03b7f0530a74a9263feedd
133,,gh_063bda886aec_2018-07-24_2247490224_HuNlLwc5gq.y.tar.gz,2018-07-26,该内容已被发布者删除,2018-07-24,韩城周边大小事,二环路发生惨烈车祸,A,2018-07-26,mp.weixin.qq.com/s?__biz=MzI2MzQwNzgzNA==&mid=2247490224&idx=2&sn=f0ec451692380c839ebefce2b98cf339
134,,gh_ab6c4e04286d_2018-07-24_2247501650_SHRxVBlgrd.y.tar.gz,2018-07-24,此内容因违规无法查看,2018-07-24,牧者讲道,灵魂存在已经被证实了,The,2018-07-26,mp.weixin.qq.com/s?__biz=MzUyNjYyNTQzOA==&mid=2247501650&idx=6&sn=b8a73d25f7253b26ecd4953053142e38
135,,gh_ecf306117521_2018-07-24_2247485587_NHniod007T.y.tar.gz,2018-07-26,此帐号已被屏蔽,2018-07-24,天天时事汇,震惊！中国造的这些常用药被曝强烈致癌！快看看你家有没有,Shock!,2018-07-26,mp.weixin.qq.com/s?__biz=MzI3MjY0MzY1MQ==&mid=2247485587&idx=1&sn=438e5532e28d93d34f9b9c46db861981
136,,gh_ecf306117521_2018-07-24_2247485587_jW82Hw53AE.y.tar.gz,2018-07-26,此帐号已被屏蔽,2018-07-24,天天时事汇,有文化更可怕（爆笑）,There,2018-07-26,mp.weixin.qq.com/s?__biz=MzI3MjY0MzY1MQ==&mid=2247485587&idx=3&sn=949fe342b281b0300af00f51d9f23a5d
137,,gh_ecf306117521_2018-07-24_2247485587_bBKcM3ENhC.y.tar.gz,2018-07-26,此帐号已被屏蔽,2018-07-24,天天时事汇,中国的车祸为什么那么多?,Why,2018-07-26,mp.weixin.qq.com/s?__biz=MzI3MjY0MzY1MQ==&mid=2247485587&idx=2&sn=f0126e6e7d224bd5c4d6417d2972b05c
138,,gh_bcae3e46c50c_2018-07-21_2247513307_Am19jRwkOl.y.tar.gz,2018-07-23,该内容已被发布者删除,2018-07-21,摇滚客,人积了阴德一定会在身上留下痕迹，看看你有吗？,If,2018-07-24,mp.weixin.qq.com/s?__biz=MzIyMDkwMzczOQ==&mid=2247513307&idx=3&sn=96213b17f4dcfb5272c50e56f6d8ce48
139,,gh_063bda886aec_2018-07-24_2247490224_JIkBSF3fqP.y.tar.gz,2018-07-26,该内容已被发布者删除,2018-07-24,韩城周边大小事,淘宝购物领取隐藏折扣券的方法，你还不知道？不仅能省钱，还能领红包！,Taobao,2018-07-26,mp.weixin.qq.com/s?__biz=MzI2MzQwNzgzNA==&mid=2247490224&idx=4&sn=6dabd95840692dbd6f6cd7c361820819
140,,gh_232719586984_2018-07-25_2653034635_CsWUwhR7GJ.y.tar.gz,2018-07-26,该内容已被发布者删除,2018-07-25,処女座,女人屁股大竟然有这么多好处,Women's,2018-07-26,mp.weixin.qq.com/s?__biz=MzIyMjA0NzY1Ng==&mid=2653034635&idx=2&sn=1c1a1972e34b441f914dc13df06ebef4
141,,gh_7a402e27f818_2018-07-25_2649690702_mLcbkNY0di.y.tar.gz,2018-07-26,此内容因违规无法查看,2018-07-25,华哥读报,人民日报：道德沦丧是当前经济滑坡的根本原因,People's,2018-07-26,mp.weixin.qq.com/s?__biz=MzIwNTAwOTcwMg==&mid=2649690702&idx=5&sn=96dd0315ee603228d89e834d3c8557a4
142,,gh_dd52690fa6bf_2018-07-22_2650548790_30FoSYUbEC.y.tar.gz,2018-07-24,此内容因违规无法查看,2018-07-22,海那边,毒疫苗：我们在“弄死自己”的路上又进了一步,Poison,2018-07-23,mp.weixin.qq.com/s?__biz=MzA3NDAwMDA1NA==&mid=2650548790&idx=1&sn=4f66694f4d4173f0ba70154f607b30fe
143,,gh_bcae3e46c50c_2018-07-24_2247513461_VFXWSBfDe1.y.tar.gz,2018-07-25,该内容已被发布者删除,2018-07-24,摇滚客,南大支教女学生遭村民性骚扰，“我是去支教，不是去传宗接代！”,The,2018-07-26,mp.weixin.qq.com/s?__biz=MzIyMDkwMzczOQ==&mid=2247513461&idx=1&sn=d088c5a355b0253c0ea3bff2d11bb65b
144,,gh_7bd15fdf0e5a_2018-07-25_2650838586_7y90JWAQtq.y.tar.gz,2018-07-26,该内容已被发布者删除,2018-07-25,褚朝新,谁能告诉我这是为什么？,Can,2018-07-26,mp.weixin.qq.com/s?__biz=MjM5NTQ1MzczMg==&mid=2650838586&idx=1&sn=f9b833236656b1412555f38ee872f4fc
145,,gh_e3182b3735fc_2018-07-25_2247502670_7Q2XMSdUWk.y.tar.gz,2018-07-26,该内容已被发布者删除,2018-07-25,老车与店,长生生物“疫苗事件”,The,2018-07-26,mp.weixin.qq.com/s?__biz=MzI1MTYxODkyNQ==&mid=2247502670&idx=5&sn=866aae3e572a5c62628f70f30defc2bf
146,,gh_c7c17772d277_2018-07-20_2651183602_uy3k5AG0SV.y.tar.gz,2018-07-25,该内容已被发布者删除,2018-07-20,X博士,《中国新说唱》我更看好新疆说唱,China's,2018-07-25,mp.weixin.qq.com/s?__biz=MzAxOTMxNTUxNw==&mid=2651183602&idx=2&sn=8c78cb34cf8294825beb99802abd3e43
147,,gh_a4a87df43a4c_2018-07-24_2655116597_YWEt5jXqGU.y.tar.gz,2018-07-25,该内容已被发布者删除,2018-07-24,中国基金报,270亿理财&amp;quot;血本无归&amp;quot;？上海银行紧急澄清！私募托管史上最大危机来了,270,2018-07-26,mp.weixin.qq.com/s?__biz=MzA5MDEzNjQwMA==&mid=2655116597&idx=1&sn=e2c6b029e72e41444949be7da42557a4
148,,gh_687b83e22b99_2018-07-23_2247500317_NPljirwBsM.y.tar.gz,2018-07-25,该内容已被发布者删除,2018-07-23,北洋之家,曾想当“逃兵”的海军少将，屡曝猛料被追成网红，真实实力深不可测！,The,2018-07-23,mp.weixin.qq.com/s?__biz=MzI3NjI5OTM0NQ==&mid=2247500317&idx=1&sn=f6b641e8807df7404bd2cf6b7d551303
149,,gh_a515ab04b947_2018-07-23_2247487217_jPykdHB72D.y.tar.gz,2018-07-25,该内容已被发布者删除,2018-07-23,北方青杨,李华亭：我希望贸易战早打大打,Li,2018-07-25,mp.weixin.qq.com/s?__biz=MzI5ODU5MTA0OQ==&mid=2247487217&idx=2&sn=ae1d6e2e1e783fe22d5341598a9710f4
150,,gh_40f2418747aa_2018-07-24_2652858244_02vhSiaK6c.y.tar.gz,2018-07-25,该内容已被发布者删除,2018-07-24,耒阳社区,【聚焦】耒阳村民赶集未归，房屋被人强拆，负责人避而不见,[Focus],2018-07-26,mp.weixin.qq.com/s?__biz=MjM5MTAwMjA0Mg==&mid=2652858244&idx=4&sn=fab2f376ba5d89a0c095f7e400575a1d
151,,gh_0008713c31f5_2018-07-24_2653245696_ZeLiTDhsvm.y.tar.gz,2018-07-26,此内容因违规无法查看,2018-07-24,瞭望智库,曾想当“逃兵”的海军少将，屡曝猛料被追成网红，真实实力深不可测！,The,2018-07-26,mp.weixin.qq.com/s?__biz=MjM5ODU0NTk5NA==&mid=2653245696&idx=1&sn=da4321179da47d5beb2638e99b9daaf9
152,,gh_063bda886aec_2018-07-20_2247490167_cyNZt89QmY.y.tar.gz,2018-07-22,该内容已被发布者删除,2018-07-20,韩城周边大小事,韩城周边招聘求职、出售求购、出租求租、征婚信息,Jobs,2018-07-22,mp.weixin.qq.com/s?__biz=MzI2MzQwNzgzNA==&mid=2247490167&idx=5&sn=1d55a13f94571594c04c913735428fd2
153,,gh_063bda886aec_2018-07-23_2247490205_u4jeLfDCyv.y.tar.gz,2018-07-25,该内容已被发布者删除,2018-07-23,韩城周边大小事,韩城周边招聘求职、出售求购、出租求租、征婚信息,Jobs,2018-07-25,mp.weixin.qq.com/s?__biz=MzI2MzQwNzgzNA==&mid=2247490205&idx=5&sn=e35f093fd579c0093c7d1f2945c5ca65
154,,gh_70adee9aa9f7_2018-07-21_2660259750_KjLx8WJt5T.y.tar.gz,2018-07-25,该内容已被发布者删除,2018-07-21,颜辞,有一种女人，永远都过不好这一生,There,2018-07-23,mp.weixin.qq.com/s?__biz=MzI5MjAzNTkzMQ==&mid=2660259750&idx=2&sn=f0282511c40ee899ab61a49c3659ef81
155,,gh_ebbd16dcf4eb_2018-07-24_2650445380_e9oqWIfRBj.y.tar.gz,2018-07-25,该内容已被发布者删除,2018-07-24,咸宁发布,【关注】2018年咸宁市城乡规划督察工作马上启动，六大重点你最关心哪条？,[Focus],2018-07-26,mp.weixin.qq.com/s?__biz=MzAxMTMwNTIwNg==&mid=2650445380&idx=5&sn=6fec5344400e238dc905d2e59c55cb2d
156,,gh_cdc8f0652ff7_2018-07-23_2650389425_1F26CXdbqi.y.tar.gz,2018-07-25,该内容已被发布者删除,2018-07-23,财经,调查丨商户被冻结资金和罚款去了哪里？拼多多躲不过去的问题,Investigate,2018-07-25,mp.weixin.qq.com/s?__biz=MzA5MzI1ODEzNA==&mid=2650389425&idx=3&sn=65d1eb6818d8b07f8520aa6875297058
157,,gh_d62474859d61_2018-07-25_2658516873_AftL6QyXYW.y.tar.gz,2018-07-26,该内容已被发布者删除,2018-07-25,人民网,街头烤鸭18元一只，能吃吗？视频曝光了！,Street,2018-07-25,mp.weixin.qq.com/s?__biz=MjM5NzI3NDg4MA==&mid=2658516873&idx=4&sn=dbd50245e3dda0f1178836661fec454d
158,,gh_cd7075f41e01_2018-07-25_2449961781_cLm37EgVrM.y.tar.gz,2018-07-26,此内容因违规无法查看,2018-07-25,透过图片看世界,2018.7.25,2018.7.25,2018-07-25,mp.weixin.qq.com/s?__biz=MzA4OTcwOTkyNw==&mid=2449961781&idx=1&sn=48e7ed46656296a693999fd19935de9d
159,,gh_1d97537c840d_2018-07-23_2650249238_4ZCHX65nPp.y.tar.gz,2018-07-23,该内容已被发布者删除,2018-07-23,高安百事通,高安320国道牵引车撞上三轮电动车，两死一伤...看完你还敢超速驾驶吗？,The,2018-07-25,mp.weixin.qq.com/s?__biz=MzA3NjE3ODAwOA==&mid=2650249238&idx=1&sn=1b686e2aa1e4602dd110e716830c5c9f
160,,gh_7eec58c8b2b0_2018-07-25_2651351639_YdXrI0QWOm.y.tar.gz,2018-07-26,该内容已被发布者删除,2018-07-25,艺非凡,姜文：男人至死是少年！,Jiang,2018-07-25,mp.weixin.qq.com/s?__biz=MzA5ODAyOTU2NA==&mid=2651351639&idx=1&sn=0e062f43f53081298f35a2a509d456cd
161,,gh_1a48b0b9d1b0_2018-07-25_2649328873_ZGjrDCQa1I.y.tar.gz,2018-07-25,此内容因违规无法查看,2018-07-25,重建巴别塔,如果Facebook来了，谷歌会远么？,If,2018-07-26,mp.weixin.qq.com/s?__biz=MzAxNjA0MDM5MQ==&mid=2649328873&idx=1&sn=90957f774b8d90cbe7d9bbe438ed5bd3
162,,aifaner383402_2018-07-25_2651862718_9YZmHRIta2.y.tar.gz,2018-07-25,该内容已被发布者删除,2018-07-25,爱范儿,Facebook,Facebook,2018-07-26,mp.weixin.qq.com/s?__biz=MjgzMTAwODI0MA==&mid=2651862718&idx=1&sn=6c08fa1a95a0bb0cdbfe6b6deb41e09a
163,,wxid_3544675449412_2018-07-25_2650425218_E7x95NOvwt.y.tar.gz,2018-07-26,此内容因违规无法查看,2018-07-25,中国企业家杂志,Facebook要来中国了？,Facebook,2018-07-25,mp.weixin.qq.com/s?__biz=MTI3NTQ1MTY0MQ==&mid=2650425218&idx=1&sn=bb61d611496ce81fd984e2bc52a25040
164,,gh_55caca37a5ce_2018-07-25_2650385603_bGHqFrxiY6.y.tar.gz,2018-07-26,此内容因违规无法查看,2018-07-25,私产经济学与伦理学,陈兴杰：疫苗事件的几个疑问,Chen,2018-07-25,mp.weixin.qq.com/s?__biz=MzIwMTU3MDY3NQ==&mid=2650385603&idx=2&sn=c70324addb3f877a18fcec09803804a4
165,,gh_97f487331201_2018-07-23_2650103190_WmGx5Y96tS.y.tar.gz,2018-07-23,该内容已被发布者删除,2018-07-23,盐城检察在线,权威发布|阜宁县检察院对县监察委移送审查起诉的首例留置案件依法提起公诉,Authoritative,2018-07-25,mp.weixin.qq.com/s?__biz=MzA3NzcxNDE4Mw==&mid=2650103190&idx=1&sn=c49529c2b5610e2f12968b4e091d256c
166,,gh_ec9122b5999a_2018-07-25_2247485919_z679t8yThG.y.tar.gz,2018-07-25,此内容因违规无法查看,2018-07-25,百姓生计,呼吁免费医疗，已经刻不容缓！请大伙转发支持！,Calling,2018-07-26,mp.weixin.qq.com/s?__biz=MzIyOTgwMTgwMw==&mid=2247485919&idx=2&sn=b886dfdc92cc29d05ffa1d7a5d303df3
167,,gh_4bcbc9c6c881_2018-07-23_2652694329_h0KfSxuo7Q.y.tar.gz,2018-07-25,该内容已被发布者删除,2018-07-23,大家,朝贡体系是怎么导致大明财政崩溃的,How,2018-07-25,mp.weixin.qq.com/s?__biz=MjM5ODIwNDIwMA==&mid=2652694329&idx=1&sn=7df694e18d2efd263fc3c08fc64d049c
168,,gh_114e76fd6e5d_2018-07-25_2247501716_ePJk0dTlY7.y.tar.gz,2018-07-25,此内容因违规无法查看,2018-07-25,量子位,Facebook在杭州成立中国子公司：重点为帮扶开发者,Facebook,2018-07-27,mp.weixin.qq.com/s?__biz=MzIzNjc1NzUzMw==&mid=2247501716&idx=2&sn=1a4e4298c74b872d214442b5b53596d6
169,,gh_65f5271d2a21_2018-07-25_2247486901_5fvCAMQ9uW.y.tar.gz,2018-07-27,该内容已被发布者删除,2018-07-25,江南隐士,白岩松：你想象的美国，其实是中国,Bai,2018-07-25,mp.weixin.qq.com/s?__biz=MzI5NjQ1MTIxNQ==&mid=2247486901&idx=1&sn=6dc801e2fbd09ef77ba4210f242dd449
170,,gh_96ef54baa312_2018-07-25_2666112776_Db9ExGiIfp.y.tar.gz,2018-07-27,该内容已被发布者删除,2018-07-25,商丘爆点,实拍！商丘建业总部巷地基被淹成湖！太壮观了！现场视频曝光,Real,2018-07-25,mp.weixin.qq.com/s?__biz=MzA3NTQwODQ2OA==&mid=2666112776&idx=1&sn=20c57791f8e21562a3a73f747e5a9aea
171,,wxid_7620846208112_2018-07-25_2655548434_7Gti5b8En3.y.tar.gz,2018-07-25,此内容因违规无法查看,2018-07-25,虎嗅网,Facebook成立中国独资公司？小扎的“中国梦”又近了一步,Facebook,2018-07-27,mp.weixin.qq.com/s?__biz=MTQzMjE1NjQwMQ==&mid=2655548434&idx=3&sn=c5b238a76ef3192d090dd60c2780f45a
172,,gh_5aa913dc2b52_2018-07-23_2650200620_T1gumsVe7y.y.tar.gz,2018-07-25,该内容已被发布者删除,2018-07-23,七色棒棒糖,【基友一家亲】第681篇丨0,[Friends,2018-07-26,mp.weixin.qq.com/s?__biz=MzA3NDU0Njc0NQ==&mid=2650200620&idx=2&sn=0e7ed11902198438b8202a0758359346
173,,wxid_2965349653612_2018-07-25_2651961087_T92QOC65zp.y.tar.gz,2018-07-25,此内容因违规无法查看,2018-07-25,i黑马,小米遭429人投诉，涉及金额4000万元；长生生物15人涉嫌刑事犯罪被刑事拘留；Facebook疑成立中国独资公司……,Xiaomi,2018-07-27,mp.weixin.qq.com/s?__biz=MTA3NDM1MzUwMQ==&mid=2651961087&idx=1&sn=0775d970303f698ca955aa96ecaf2fbb
174,,gh_a4a87df43a4c_2018-07-25_2655116635_yh5dxZGfc4.y.tar.gz,2018-07-27,该内容已被发布者删除,2018-07-25,中国基金报,同学圈惊爆内幕交易！又是长江商学院，刚被证监会罚没400多万！,The,2018-07-25,mp.weixin.qq.com/s?__biz=MzA5MDEzNjQwMA==&mid=2655116635&idx=1&sn=1658e799a542f1adad86b8e763826ec9
175,,gh_ba6105d7c051_2018-07-25_2652568897_joZM30GOY5.y.tar.gz,2018-07-25,此内容因违规无法查看,2018-07-25,冯站长之家,2018年7月25日物联网新闻（语音版）,Internet,2018-07-27,mp.weixin.qq.com/s?__biz=MzA5OTQyMDgyOQ==&mid=2652568897&idx=7&sn=d46577d36a266c4bda3ca5fff6fb8520
176,,gh_fc276be154e5_2018-07-25_2247493317_ZrGLm9zja5.y.tar.gz,2018-07-27,此内容因违规无法查看,2018-07-25,中西ABC,85年前的假疫苗案，看看民国政府是怎么处罚的！,The,2018-07-25,mp.weixin.qq.com/s?__biz=MzIzMTM3MDEzMQ==&mid=2247493317&idx=2&sn=3a6cfa5bce2a0bcf25de242276fe5586
177,,gh_a8055eec10f0_2018-07-23_2651324827_RBmqIlGOv2.y.tar.gz,2018-07-24,该内容已被发布者删除,2018-07-23,青春江干,共青团助力精准扶贫,The,2018-07-26,mp.weixin.qq.com/s?__biz=MzA4NjUyODEyMg==&mid=2651324827&idx=1&sn=e366c8e7e8d76622fe32f5eacd751d9e
178,,gh_cd7075f41e01_2018-07-23_2449961720_ab0mdjPCXZ.y.tar.gz,2018-07-25,此内容因违规无法查看,2018-07-23,透过图片看世界,2018.7.23,2018.7.23,2018-07-23,mp.weixin.qq.com/s?__biz=MzA4OTcwOTkyNw==&mid=2449961720&idx=1&sn=894c57763a5d53067e06c00f94590149
179,,gh_1fe7c8e2027b_2018-07-25_2652987697_gTZ5OAYxM0.y.tar.gz,2018-07-25,该内容已被发布者删除,2018-07-25,公大资讯,【热点】手贱搜了下红黄蓝，我大概猜到了疫苗案的结局……,The,2018-07-25,mp.weixin.qq.com/s?__biz=MjM5NzE0Mzg2OQ==&mid=2652987697&idx=2&sn=92b8172c367db488c8a63ed91738b15e
180,,gh_e76b6086b960_2018-07-23_2247494776_XrEtglmIZ0.y.tar.gz,2018-07-25,该内容已被发布者删除,2018-07-23,凤凰网财经,A股暴涨3.14%，谁花了100多亿“抄底”中国？,A,2018-07-26,mp.weixin.qq.com/s?__biz=MzU5ODU1Mjg5Nw==&mid=2247494776&idx=5&sn=4534bcbb178d9ed8379d02d01b56b7d9
181,,gh_7d6ca19572fe_2018-07-23_2651448869_CMf5Pt2cSi.y.tar.gz,2018-07-24,该内容已被发布者删除,2018-07-23,正安001,特大好消息！正安、道真、务川、绥阳和万盛政府，争取渝贵高铁“东线方案”，看看经过你家乡吗？,Great,2018-07-25,mp.weixin.qq.com/s?__biz=MjM5MzU1MDMzMA==&mid=2651448869&idx=2&sn=4d6087c998e387007fb0ce7555e35ef2
182,,gh_cdc8f0652ff7_2018-07-25_2650389463_CQgVu3Fbar.y.tar.gz,2018-07-27,此内容因违规无法查看,2018-07-25,财经,Facebook回应落户杭州：设立创新中心，业务重点是培训与研讨会,Facebook,2018-07-27,mp.weixin.qq.com/s?__biz=MzA5MzI1ODEzNA==&mid=2650389463&idx=4&sn=67301d228c4d0e6fb4c07a7915fc7221
183,,gh_93119cc8064a_2018-07-25_2650441423_1lgq5RbErL.y.tar.gz,2018-07-26,此内容因违规无法查看,2018-07-25,界面,Facebook进杭州了！我们去现场看了下,Facebook,2018-07-27,mp.weixin.qq.com/s?__biz=MjM5NTE0ODc2Nw==&mid=2650441423&idx=1&sn=ab525f1757cfba4781ba6e3a3b5874c5
184,,gh_661d35def464_2018-07-24_2247483740_Z64Vkv5HeU.y.tar.gz,2018-07-25,此内容因违规无法查看,2018-07-24,historicize,联名信——投诉深圳佳士科技和相关部门,Joint,2018-07-24,mp.weixin.qq.com/s?__biz=MzI5MDYwOTM5MQ==&mid=2247483740&idx=1&sn=8d52297ace2ed6689a589db836f85f74
185,,gh_055421be661a_2018-07-25_2650103929_evpsMcZCXf.y.tar.gz,2018-07-25,该内容已被发布者删除,2018-07-25,武山圈子,特种兵王误入“洗头房”恰遇泼辣警花扫黄，被抓后他的回答亮了！,The,2018-07-25,mp.weixin.qq.com/s?__biz=MzIzMDA1ODE4MA==&mid=2650103929&idx=2&sn=5fb29c180b20434df9dacccb76d49f8c
186,,gh_9cda6ee40e37_2018-07-24_2655010554_HefwNnTlQ4.y.tar.gz,2018-07-25,该内容已被发布者删除,2018-07-24,共青团中央,曾想当“逃兵”的海军少将，屡曝猛料被追成网红，真实实力深不可测！,The,2018-07-24,mp.weixin.qq.com/s?__biz=MzA3NTE5MzQzMA==&mid=2655010554&idx=1&sn=5a4daff6cc94b5eae6f8626164986d65
187,,gh_be651b92d150_2018-07-23_2652792464_ZV46hEDkNF.y.tar.gz,2018-07-25,此内容被投诉且经审核涉嫌侵权，无法查看。,2018-07-23,福音文摘,女子拍洪水发朋友圈，失手将怀中孩子掉下河！！,The,2018-07-25,mp.weixin.qq.com/s?__biz=MzA3OTc5NzMxOQ==&mid=2652792464&idx=1&sn=9e5e685216b54c35f2213f524dc4f685
188,,gh_ae68ab89cd12_2018-07-25_2649546946_YiZM4Rj9Iw.y.tar.gz,2018-07-25,该内容已被发布者删除,2018-07-25,永和文化传媒,招聘丨脱贫攻坚,Recruitment,2018-07-26,mp.weixin.qq.com/s?__biz=MzA3MzcyNjgzOQ==&mid=2649546946&idx=1&sn=bc3bf245c35c32a3afa585ca6d36b500
189,,gh_957c1d902646_2018-07-25_2651872032_yLnkxfroIN.y.tar.gz,2018-07-25,此内容因违规无法查看,2018-07-25,摆古论今,特种兵赴外参演，被同行挑战，一招打晕外军搏击高手！,The,2018-07-25,mp.weixin.qq.com/s?__biz=MzIwNDA4MTYxMQ==&mid=2651872032&idx=2&sn=021e051b982e0dc823dc9d70d4cd7add
190,,gh_3d7d7b24f21b_2018-07-25_2651309523_JmYBSAIMR3.y.tar.gz,2018-07-25,此内容因违规无法查看,2018-07-25,辩护园地,他们为什么不怕刑法？,Why,2018-07-26,mp.weixin.qq.com/s?__biz=MzA3ODcwNDE5OA==&mid=2651309523&idx=1&sn=44524e9448998962bdcb6a4871bf83c5
191,,gh_8f16c463efc8_2018-07-23_2650653026_6F9dUjfHNM.y.tar.gz,2018-07-25,此内容因违规无法查看,2018-07-23,易居海外房产,我们已经去国外买奶粉了，难道还要带着孩子到境外打疫苗？,We,2018-07-25,mp.weixin.qq.com/s?__biz=MjM5NzMwODAzMw==&mid=2650653026&idx=1&sn=c50506d413041341f5add405e8b12b10
192,,gh_58828820c375_2018-07-25_2653658678_9AopE1P5b0.y.tar.gz,2018-07-26,此内容因违规无法查看,2018-07-25,AI蓝媒汇,扎克伯格的“中国梦”,Zuckerberg's,2018-07-26,mp.weixin.qq.com/s?__biz=MjM5MTI4MjUxMw==&mid=2653658678&idx=1&sn=111c62ac2713548da70248155538fced
193,,gh_456a492c2af5_2018-07-23_2651085696_5PXJBnuc9o.y.tar.gz,2018-07-25,此内容因违规无法查看,2018-07-23,四月网,“欲做买办而不得”——透视“港独”背后的后殖民困境,I,2018-07-25,mp.weixin.qq.com/s?__biz=MjM5MzEzNzEwNw==&mid=2651085696&idx=2&sn=bdaf3014191a1c6b3c84e2bc4b599b5a
194,,gh_5b9799228df1_2018-07-23_2247484748_5oxQlwrOuV.y.tar.gz,2018-07-25,该内容已被发布者删除,2018-07-23,微观时局,一觉醒来有了老婆女儿，就算不承认都不行,I,2018-07-25,mp.weixin.qq.com/s?__biz=MzI3MDQzNzQzOA==&mid=2247484748&idx=3&sn=9e93875a66c0e9c639a57255a83a072f
195,,gh_c44e19e7bd52_2018-07-25_2650906537_nj5tVb0pKy.y.tar.gz,2018-07-25,该内容已被发布者删除,2018-07-25,江门职业技术学院,别光顾着追镇魂，江职也有“特调处”,Don't,2018-07-25,mp.weixin.qq.com/s?__biz=MzA4OTAyNzY2MA==&mid=2650906537&idx=1&sn=a19d3d6523ba54790fd788b9003dbc6e
196,,gh_9b35c25cf26f_2018-07-22_2653111103_dzPHcx4FTB.y.tar.gz,2018-07-22,该内容已被发布者删除,2018-07-22,孝感槐荫论坛,重磅！2017湖北一本投档线出炉，北大684/658，清华678/662……,Heavy!,2018-07-25,mp.weixin.qq.com/s?__biz=MjM5MjU2MDY5NA==&mid=2653111103&idx=2&sn=50e719cd4bbe5640b1a1ea8dfcd808bc
197,,gh_c364747d22d0_2018-07-23_2653469565_GlyR3B8tAP.y.tar.gz,2018-07-25,此内容因违规无法查看,2018-07-23,简笔笑画,触目惊心,Shocking,2018-07-25,mp.weixin.qq.com/s?__biz=MzA4NzcwMDQxMg==&mid=2653469565&idx=1&sn=d0c7d2ac0e8adc4886c9805c1cb2e829
198,,gh_78c210468c72_2018-07-23_2247492034_Zah0jUBJ5V.y.tar.gz,2018-07-25,该内容已被发布者删除,2018-07-23,东方剑客,重磅！长生疫苗事件最新进展：谁拿群众生命开玩笑，谁应该付出生命的代价？！,Heavy!,2018-07-25,mp.weixin.qq.com/s?__biz=MzI1NDgwMjAyMQ==&mid=2247492034&idx=1&sn=43344114822174339673a57c3e002ccc
199,,gh_867e9e706024_2018-07-24_2649456292_goCLnYXjUv.y.tar.gz,2018-07-26,该内容已被发布者删除,2018-07-24,白日做梦,你有哪些相见恨晚的人生经验？,What,2018-07-26,mp.weixin.qq.com/s?__biz=MzIxMDIzODM1NA==&mid=2649456292&idx=3&sn=64272796d703413fa0d6aff5ab6ba719
200,,gh_867e9e706024_2018-07-24_2649456292_fGLWXdYqgO.y.tar.gz,2018-07-26,该内容已被发布者删除,2018-07-24,白日做梦,恋爱中的男人，死于这7个问题,The,2018-07-26,mp.weixin.qq.com/s?__biz=MzIxMDIzODM1NA==&mid=2649456292&idx=2&sn=1b3bb89459702537bb2995ea92d7b621
201,,gh_867e9e706024_2018-07-24_2649456292_WlQTLpROXN.y.tar.gz,2018-07-26,该内容已被发布者删除,2018-07-24,白日做梦,一句话决定你能不能跟喜欢的人在一起,In,2018-07-26,mp.weixin.qq.com/s?__biz=MzIxMDIzODM1NA==&mid=2649456292&idx=1&sn=e0a3c14c74f6d29c98b344faf2960f20
202,,gh_ca62145c5ecb_2018-07-22_2650678401_Ks2aRxXv51.y.tar.gz,2018-07-22,此内容因违规无法查看,2018-07-22,天涯社区,民生影视一招教你多赚30倍活期高收益！,People's,2018-07-25,mp.weixin.qq.com/s?__biz=MjM5NTA2NDk4MA==&mid=2650678401&idx=2&sn=ea7ec8225e77c5202d926e67ab2aeabd
203,,gh_47456bae86fd_2018-07-25_2650406748_4QZK9snhXU.y.tar.gz,2018-07-26,该内容已被发布者删除,2018-07-25,中国中医,国家中医药局党组理论学习中心组(扩大)2018年第三次集体学习：加强党建推动中医药传承创新发展,The,2018-07-26,mp.weixin.qq.com/s?__biz=MzA3ODQwNzYzMg==&mid=2650406748&idx=1&sn=5a7f3d6f459d36d45b86408e248f3042
204,,gh_03c59b11b4a3_2018-07-25_2650350399_LDz0n3VAro.y.tar.gz,2018-07-26,该内容已被发布者删除,2018-07-25,蓝太阳亲子圈,【海洋之星】垂直立体的洗浴主题乐园！沈阳最大的室内游乐场！尽享温泉、戏水、儿童乐园！,[Ocean,2018-07-26,mp.weixin.qq.com/s?__biz=MzA5OTUxNjAzNQ==&mid=2650350399&idx=5&sn=6a297bd15355dd14ba49bb5bf865639e
205,,gh_9d9a02c69fc8_2018-07-25_2650140785_dDNw62ZvA1.y.tar.gz,2018-07-26,该内容已被发布者删除,2018-07-25,良庆发布,对抗台风“山神”，,Against,2018-07-26,mp.weixin.qq.com/s?__biz=MzA3OTcyOTQxMQ==&mid=2650140785&idx=1&sn=7329a6749136ca0ba4b6873c353f59a9
206,,gh_8dd3af29215d_2018-07-25_2751367685_OBHZLa2tWM.y.tar.gz,2018-07-25,该内容已被发布者删除,2018-07-25,葫芦岛网,龙潭大峡谷至辽西党小组投资160万的路至今为土路,The,2018-07-26,mp.weixin.qq.com/s?__biz=MzA4MTkzMTYwMw==&mid=2751367685&idx=2&sn=d5ef3d68b3208985d5f8fef41dc569b7
207,,gh_b9a27e1f2f07_2018-07-25_2247486694_BtLlRTYU73.y.tar.gz,2018-07-26,此内容因违规无法查看,2018-07-25,PingPong订阅号,Facebook落户中国的背后：中国早已是它最大的广告市场之一,Facebook,2018-07-26,mp.weixin.qq.com/s?__biz=MzAwMDc4NjgzMw==&mid=2247486694&idx=1&sn=13f68c9f2d23e6f2e76a331c3286598a
208,,gh_2f60bdf18ae9_2018-07-25_2650107419_bHK0luEkoe.y.tar.gz,2018-07-26,该内容已被发布者删除,2018-07-25,中国艾协动态,【重大活动】终结艾滋病之旅，中国在行动,[Major,2018-07-26,mp.weixin.qq.com/s?__biz=MzA5NTgzMzcyNQ==&mid=2650107419&idx=2&sn=17e2f94b6d5d3fe8a7312d2629203d20
209,,gh_27c43c799b0c_2018-07-25_2649550827_0Mm5gEizh2.y.tar.gz,2018-07-26,此内容因违规无法查看,2018-07-25,DeepTech深科技,扎克伯格深耕多年终得成果，Facebook在中国成立子公司,Zuckerberg,2018-07-26,mp.weixin.qq.com/s?__biz=MzA3NTIyODUzNA==&mid=2649550827&idx=4&sn=9c25049d524c667f56771eca6f6a73b3
210,,gh_2791eb31fd41_2018-07-25_2651326761_TK9uhg0Z7m.y.tar.gz,2018-07-26,此内容因违规无法查看,2018-07-25,中国证券网,访客不断，脸书杭州注册地“戒备森严”，A股小伙伴先自嗨起来了！,Visitors,2018-07-26,mp.weixin.qq.com/s?__biz=MjM5MDQ5Mjg4MA==&mid=2651326761&idx=3&sn=e5cb1c031fdcac2f059c2f2617ae666d
211,,wxid_7620846208112_2018-07-25_2655548479_VaWQEDF7t0.y.tar.gz,2018-07-26,此内容因违规无法查看,2018-07-25,虎嗅网,性侵控诉爆雷学术媒体圈……You,Sexual,2018-07-26,mp.weixin.qq.com/s?__biz=MTQzMjE1NjQwMQ==&mid=2655548479&idx=1&sn=e1a372a2537d4fa4ec95d57bcaec1417
212,,gh_a07c756b8881_2018-07-24_2247490677_D25dKBrjkq.y.tar.gz,2018-07-26,该内容已被发布者删除,2018-07-24,倾听婚姻,生肖看透你的一生，越看越准！,The,2018-07-26,mp.weixin.qq.com/s?__biz=MzU4NzEwMTE5OA==&mid=2247490677&idx=4&sn=73e96d938e41f8d6dd28d067fc9e1c8d
213,,wxid_5637156371511_2018-07-25_2651698362_3E0jqmRsVo.y.tar.gz,2018-07-26,该内容已被发布者删除,2018-07-25,果壳网,21世纪什么最值钱？人才……吗？,What,2018-07-26,mp.weixin.qq.com/s?__biz=MTg1MjI3MzY2MQ==&mid=2651698362&idx=2&sn=96d9f3a061b76d7511d51725d3d72ce7
214,,gh_a5b1472d267b_2018-07-24_2247487610_UPTBJ5g7x8.y.tar.gz,2018-07-26,该内容已被发布者删除,2018-07-24,东海岛小城大事,有一种好看，叫前任看了想复合...,There,2018-07-26,mp.weixin.qq.com/s?__biz=MzIwNDQyMTQxOA==&mid=2247487610&idx=1&sn=c71e3b44ba880ce5ee770c0303cccf4f
215,,gh_eb9386049200_2018-07-24_2652441835_zT0VMbYPoi.y.tar.gz,2018-07-26,该内容已被发布者删除,2018-07-24,长兴人,揭秘长兴疫苗丨关于儿童疫苗，长兴家长疑惑的这9个问题，县疾控中心来答疑！,Demystifying,2018-07-26,mp.weixin.qq.com/s?__biz=MjM5MzQ5MDUyNQ==&mid=2652441835&idx=3&sn=325145fea842dd86f72a441aa456a5d7
216,,gh_392ea15c04ea_2018-07-25_2652852028_sUJRnW4b2e.y.tar.gz,2018-07-26,该内容已被发布者删除,2018-07-25,三声,资讯,Information,2018-07-26,mp.weixin.qq.com/s?__biz=MzA4MjgxMzkxOA==&mid=2652852028&idx=2&sn=58d5a9b896866cc6a8df4788dddc88ac
217,,gh_867e9e706024_2018-07-24_2649456292_I9ABltCO0P.y.tar.gz,2018-07-26,该内容已被发布者删除,2018-07-24,白日做梦,你最不能容忍男朋友异性朋友的什么行为？,What,2018-07-26,mp.weixin.qq.com/s?__biz=MzIxMDIzODM1NA==&mid=2649456292&idx=4&sn=d4e9e0d759e7abfb8b1905b26ae10772
218,,gh_759087605909_2018-07-24_2650995468_BD7hQT0bv6.y.tar.gz,2018-07-26,此内容因违规无法查看,2018-07-24,百年树人,因报道问题疫苗，知名记者被免职，良心媒体总编遭调离！,Due,2018-07-24,mp.weixin.qq.com/s?__biz=MzA5NjA1ODY4NQ==&mid=2650995468&idx=5&sn=034d556cf0e2ce68e0deb41512e9967c
219,,gh_07086c2f05e6_2018-07-23_2247487218_4qpI10DPi0.y.tar.gz,2018-07-26,此内容因违规无法查看,2018-07-23,亚刊智库,假疫苗背后的信仰崩塌：国人不作恶到底有多难？,The,2018-07-26,mp.weixin.qq.com/s?__biz=MzI2MDQ3MDQyNQ==&mid=2247487218&idx=1&sn=4fb472508dc1322160d137a85daf9143
220,,gh_e76b6086b960_2018-07-24_2247494792_8cL2sKYGSr.y.tar.gz,2018-07-26,该内容已被发布者删除,2018-07-24,凤凰网财经,大变局：40年前开始的美国“国家牛市”给当今中国的启示,The,2018-07-26,mp.weixin.qq.com/s?__biz=MzU5ODU1Mjg5Nw==&mid=2247494792&idx=5&sn=d6c419de1dbf8b6e646abd875eca865e
221,,gh_c84c8dce5059_2018-07-24_2652488219_XZd0NyIlpv.y.tar.gz,2018-07-26,该内容已被发布者删除,2018-07-24,冷眼文摘,突然被封！董明珠，或又摊上事了......,Suddenly,2018-07-26,mp.weixin.qq.com/s?__biz=MzA3NTExMDA2Ng==&mid=2652488219&idx=5&sn=e6e38c8dd394f1218bdf66dc36574ee0
222,,gh_47456bae86fd_2018-07-24_2650406735_d5WHbsYthf.y.tar.gz,2018-07-24,该内容已被发布者删除,2018-07-24,中国中医,国家卫生健康委员会关于对国家中医药领军人才支持计划-岐黄学者拟推荐人选的公示通知,National,2018-07-26,mp.weixin.qq.com/s?__biz=MzA3ODQwNzYzMg==&mid=2650406735&idx=3&sn=6004b3102a6addfaff9acadb7696bd8e
223,,gh_e4e93ea3138d_2018-07-24_2247486726_CkWZnx70Ty.y.tar.gz,2018-07-26,此内容被投诉且经审核涉嫌侵权，无法查看。,2018-07-24,Aha视频,拼多多上销量第二的竟然是春药,A,2018-07-26,mp.weixin.qq.com/s?__biz=MzI2OTU3MTQxOA==&mid=2247486726&idx=1&sn=2d0c9ca6d1b60d9157e45423263ac417
224,,gh_40b3ce791e33_2018-07-24_2652453339_Vocfxuji37.y.tar.gz,2018-07-26,此内容因违规无法查看,2018-07-24,寻找中国创客,Facebook在杭州成立独资公司；长生生物市值已缩水52%,Facebook,2018-07-26,mp.weixin.qq.com/s?__biz=MzA3Njg4MDg5Ng==&mid=2652453339&idx=5&sn=0a2dcd9f224b0e2683452ed01052cd2e
225,,gh_ffd5161f45ee_2018-07-24_2650015300_elt0X7PYnK.y.tar.gz,2018-07-25,此内容因违规无法查看,2018-07-24,商业人物,Facebook成立中国独资公司？腾讯茅台入围全球投资回报率TOP50上市公司前十，南京银隆新能源商务车项目被解封丨商业参考,Facebook,2018-07-26,mp.weixin.qq.com/s?__biz=MzIyNzEyNTYyNA==&mid=2650015300&idx=2&sn=908b0d640c352e8412eb315409b427a9
226,,gh_063bda886aec_2018-07-24_2247490224_NAc5YK0XHy.y.tar.gz,2018-07-26,该内容已被发布者删除,2018-07-24,韩城周边大小事,韩城周边招聘求职、出售求购、出租求租、征婚信息,Jobs,2018-07-26,mp.weixin.qq.com/s?__biz=MzI2MzQwNzgzNA==&mid=2247490224&idx=5&sn=eca2a2f8790c69004900b262bb153cc2
227,,gh_232719586984_2018-07-25_2653034635_TnlUY1XPES.y.tar.gz,2018-07-26,该内容已被发布者删除,2018-07-25,処女座,女生在恋爱里最容易犯的一个错误是......,One,2018-07-26,mp.weixin.qq.com/s?__biz=MzIyMjA0NzY1Ng==&mid=2653034635&idx=5&sn=54171e35ec77bf4cf8aa9289975e8d95
228,,gh_ae68ab89cd12_2018-07-24_2649546910_uflvQ1zqCB.y.tar.gz,2018-07-26,该内容已被发布者删除,2018-07-24,永和文化传媒,【最新】广河县各企业、协会、组织、人民团体捐资捐物名单,[Latest],2018-07-26,mp.weixin.qq.com/s?__biz=MzA3MzcyNjgzOQ==&mid=2649546910&idx=1&sn=79d4dd85c8389d7fb788af7e2ca3969c
229,,gh_cb32e4f13378_2018-07-20_2651991487_v7rZknheiF.y.tar.gz,2018-07-26,该内容已被发布者删除,2018-07-20,团结湖参考,内蒙古接连落马的退休厅官，每个人背后都藏着旧案,Retired,2018-07-25,mp.weixin.qq.com/s?__biz=MzA4NzYxOTcwOA==&mid=2651991487&idx=1&sn=be2f236bcb7f4671ba42236bcb51080a
230,,gh_7fae7a18390f_2018-07-25_2651397112_jneksI73gP.y.tar.gz,2018-07-26,此内容因违规无法查看,2018-07-25,中国法律文书网,40万支！武汉生物为什么没人问责？,400,2018-07-25,mp.weixin.qq.com/s?__biz=MjM5OTQ4MjQxNg==&mid=2651397112&idx=2&sn=0c68dcbd15ae53d279466c6a9effa92e
231,,gh_9524bd6f8e75_2018-07-25_2247532396_JyhQ8bsx0W.y.tar.gz,2018-07-26,该内容已被发布者删除,2018-07-25,国馆,500个出轨男人聊天实录：婚姻的本质，是一场秀,500,2018-07-25,mp.weixin.qq.com/s?__biz=MzU5MjI3NTA4Mw==&mid=2247532396&idx=1&sn=6e7af4542ece60e2b8f061577afbcb88
232,,gh_acb7ca9153bc_2018-07-25_2651661779_emcgwH0oKQ.y.tar.gz,2018-07-27,此内容因违规无法查看,2018-07-25,大数据文摘,快讯,Newsletter,2018-07-25,mp.weixin.qq.com/s?__biz=MjM5MTQzNzU2NA==&mid=2651661779&idx=3&sn=93856b25ccb038fb02537287813eb9ee
233,,gh_b8e851bb117a_2018-07-25_2651702689_tkjbG1wEuS.y.tar.gz,2018-07-27,此内容因违规无法查看,2018-07-25,水煮历史,公安部离休干部揭秘：饶漱石在秦城监狱的日子,Secrets,2018-07-27,mp.weixin.qq.com/s?__biz=MjM5MjY4ODYwNA==&mid=2651702689&idx=1&sn=77d1b92906fae798ce14f9dd2ff8d3b9
234,,gh_a4a87df43a4c_2018-07-25_2655116646_OME0r2xZbh.y.tar.gz,2018-07-27,此内容因违规无法查看,2018-07-25,中国基金报,Facebook落户中国刷屏！真相如何？我们去办公地看了一下,Facebook,2018-07-25,mp.weixin.qq.com/s?__biz=MzA5MDEzNjQwMA==&mid=2655116646&idx=2&sn=73fabf5b38aa3c2abd72868bac9f7cc4
235,,gh_efc11fca1551_2018-07-25_2660227942_eJPVmk1OQh.y.tar.gz,2018-07-25,该内容已被发布者删除,2018-07-25,刑事法律圈,曾经这些问题疫苗案件都是怎么判的？,How,2018-07-27,mp.weixin.qq.com/s?__biz=MzAxNzA4MjYyMQ==&mid=2660227942&idx=2&sn=43a09ee7e60874c13e2f078e32e53a34
236,,wxid_4783107810411_2018-07-25_2650770518_7nHgLemJAl.y.tar.gz,2018-07-25,该内容已被发布者删除,2018-07-25,南方都市报,31岁未婚男子爱上单亲妈妈，为表决心竟做结扎！医生再三劝阻都没用,The,2018-07-27,mp.weixin.qq.com/s?__biz=MTk1MjIwODAwMQ==&mid=2650770518&idx=1&sn=d5849198adb4ecc274054714fbf6121d
237,,gh_98589e99a248_2018-07-25_2676100499_0sJ6CGegP2.y.tar.gz,2018-07-25,此内容因违规无法查看,2018-07-25,毒舌女,一个单位彼此发生了关系，男女下场,One,2018-07-27,mp.weixin.qq.com/s?__biz=MzA4MTg0MTk0Nw==&mid=2676100499&idx=1&sn=94ace6abaf57336771a0b99b621d058d
